Year,Plant Code,Increment (mm)
1958,S8N0101A,0.27
1959,S8N0101A,0.32
1960,S8N0101A,0.56
1961,S8N0101A,0.19
1962,S8N0101A,0.2
1963,S8N0101A,0.4
1964,S8N0101A,0.88
1965,S8N0101A,1.23
1966,S8N0101A,1.12
1967,S8N0101A,1.36
1968,S8N0101A,0.15
1969,S8N0101A,0.77
1970,S8N0101A,0.73
1971,S8N0101A,0.54
1972,S8N0101A,1.05
1973,S8N0101A,1.02
1974,S8N0101A,1.01
1975,S8N0101A,0.57
1976,S8N0101A,1.12
1977,S8N0101A,0.36
1978,S8N0101A,0.28
1979,S8N0101A,0.57
1980,S8N0101A,0.21
1981,S8N0101A,0.9
1982,S8N0101A,0.96
1983,S8N0101A,0.9
1984,S8N0101A,1.25
1985,S8N0101A,0.58
1986,S8N0101A,0.05
1987,S8N0101A,0.66
1988,S8N0101A,1.03
1989,S8N0101A,0.8
1990,S8N0101A,0.98
1991,S8N0101A,0.88
1992,S8N0101A,0.6
1993,S8N0101A,1.2
1994,S8N0101A,0.74
1995,S8N0101A,0.96
1996,S8N0101A,0.66
1997,S8N0101A,0.44
1998,S8N0101A,0.92
1999,S8N0101A,0.23
2000,S8N0101A,0.57
2001,S8N0101A,0.36
2002,S8N0101A,0.36
2003,S8N0101A,0.6
2004,S8N0101A,0.72
2005,S8N0101A,0.56
1971,S8N0102A,0.33
1972,S8N0102A,0.56
1973,S8N0102A,0.52
1974,S8N0102A,0.68
1975,S8N0102A,0.51
1976,S8N0102A,1.11
1977,S8N0102A,0.75
1978,S8N0102A,0.43
1979,S8N0102A,1.07
1980,S8N0102A,0.49
1981,S8N0102A,1.18
1982,S8N0102A,1.09
1983,S8N0102A,1.17
1984,S8N0102A,0.96
1985,S8N0102A,0.6
1986,S8N0102A,0.22
1987,S8N0102A,0.9
1988,S8N0102A,1.23
1989,S8N0102A,1.4
1990,S8N0102A,1.38
1991,S8N0102A,1.13
1992,S8N0102A,1.16
1993,S8N0102A,2.02
1994,S8N0102A,1.65
1995,S8N0102A,2.03
1996,S8N0102A,1.13
1997,S8N0102A,0.73
1998,S8N0102A,2.09
1999,S8N0102A,1.17
2000,S8N0102A,2.1
2001,S8N0102A,0.88
2002,S8N0102A,1.2
2003,S8N0102A,1.4
2004,S8N0102A,1.64
2005,S8N0102A,1.02
1973,S8N0103A,0.4
1974,S8N0103A,0.75
1975,S8N0103A,0.66
1976,S8N0103A,1.07
1977,S8N0103A,0.84
1978,S8N0103A,0.41
1979,S8N0103A,1.1
1980,S8N0103A,0.4
1981,S8N0103A,1.08
1982,S8N0103A,1.53
1983,S8N0103A,0.96
1984,S8N0103A,0.74
1985,S8N0103A,0.36
1986,S8N0103A,0.14
1987,S8N0103A,0.78
1988,S8N0103A,1.05
1989,S8N0103A,0.99
1990,S8N0103A,0.91
1991,S8N0103A,0.87
1992,S8N0103A,1.17
1993,S8N0103A,1.77
1994,S8N0103A,1.49
1995,S8N0103A,1.57
1996,S8N0103A,0.88
1997,S8N0103A,0.45
1998,S8N0103A,1.39
1999,S8N0103A,0.39
2000,S8N0103A,1.3
2001,S8N0103A,0.01
2002,S8N0103A,0.85
2003,S8N0103A,0.89
2004,S8N0103A,1.26
2005,S8N0103A,0.28
1976,S8N0104A,0.69
1977,S8N0104A,0.74
1978,S8N0104A,0.39
1979,S8N0104A,0.9
1980,S8N0104A,0.36
1981,S8N0104A,0.79
1982,S8N0104A,1.19
1983,S8N0104A,0.91
1984,S8N0104A,0.59
1985,S8N0104A,0.39
1986,S8N0104A,0.13
1987,S8N0104A,0.6
1988,S8N0104A,0.75
1989,S8N0104A,0.68
1990,S8N0104A,0.74
1991,S8N0104A,0.6
1992,S8N0104A,0.92
1993,S8N0104A,1.21
1994,S8N0104A,0.9
1995,S8N0104A,1
1996,S8N0104A,0.7
1997,S8N0104A,0.5
1998,S8N0104A,1.48
1999,S8N0104A,0.51
2000,S8N0104A,1.12
2001,S8N0104A,0.01
2002,S8N0104A,0.61
2003,S8N0104A,0.56
2004,S8N0104A,0.88
2005,S8N0104A,0.23
1964,S8N0105A,0.31
1965,S8N0105A,1.04
1966,S8N0105A,0.78
1967,S8N0105A,0.86
1968,S8N0105A,0.33
1969,S8N0105A,0.4
1970,S8N0105A,0.63
1971,S8N0105A,0.65
1972,S8N0105A,0.84
1973,S8N0105A,0.69
1974,S8N0105A,0.68
1975,S8N0105A,0.26
1976,S8N0105A,0.98
1977,S8N0105A,0.91
1978,S8N0105A,0.34
1979,S8N0105A,0.65
1980,S8N0105A,0.42
1981,S8N0105A,0.91
1982,S8N0105A,0.67
1983,S8N0105A,0.93
1984,S8N0105A,1.31
1985,S8N0105A,0.49
1986,S8N0105A,0.15
1987,S8N0105A,0.79
1988,S8N0105A,1.09
1989,S8N0105A,1.21
1990,S8N0105A,1.08
1991,S8N0105A,0.75
1992,S8N0105A,0.57
1993,S8N0105A,0.99
1994,S8N0105A,0.76
1995,S8N0105A,0.91
1996,S8N0105A,0.41
1997,S8N0105A,0.29
1998,S8N0105A,1.07
1999,S8N0105A,0.6
2000,S8N0105A,1.08
2001,S8N0105A,0.78
2002,S8N0105A,0.58
2003,S8N0105A,0.72
2004,S8N0105A,1.13
2005,S8N0105A,1.2
1970,S8N0106A,0.46
1971,S8N0106A,0.67
1972,S8N0106A,0.7
1973,S8N0106A,0.52
1974,S8N0106A,1.03
1975,S8N0106A,0.64
1976,S8N0106A,1.34
1977,S8N0106A,0.59
1978,S8N0106A,0.36
1979,S8N0106A,0.5
1980,S8N0106A,0.26
1981,S8N0106A,0.83
1982,S8N0106A,0.83
1983,S8N0106A,0.62
1984,S8N0106A,0.74
1985,S8N0106A,0.45
1986,S8N0106A,0.09
1987,S8N0106A,0.37
1988,S8N0106A,0.64
1989,S8N0106A,0.43
1990,S8N0106A,0.47
1991,S8N0106A,0.27
1992,S8N0106A,0.31
1993,S8N0106A,0.83
1994,S8N0106A,0.83
1995,S8N0106A,0.82
1996,S8N0106A,0.75
1997,S8N0106A,0.36
1998,S8N0106A,1.46
1999,S8N0106A,0.38
2000,S8N0106A,0.42
2001,S8N0106A,0.55
2002,S8N0106A,0.55
2003,S8N0106A,0.77
2004,S8N0106A,0.85
2005,S8N0106A,0.73
1931,S8N0107A,0.21
1932,S8N0107A,0.21
1933,S8N0107A,0.22
1934,S8N0107A,0.3
1935,S8N0107A,0.1
1936,S8N0107A,0.16
1937,S8N0107A,0.28
1938,S8N0107A,0.34
1939,S8N0107A,0.35
1940,S8N0107A,0.37
1941,S8N0107A,0.14
1942,S8N0107A,0.38
1943,S8N0107A,0.37
1944,S8N0107A,0.25
1945,S8N0107A,0.51
1946,S8N0107A,0.49
1947,S8N0107A,0.05
1948,S8N0107A,0.06
1949,S8N0107A,0.12
1950,S8N0107A,0.73
1951,S8N0107A,0.87
1952,S8N0107A,0.68
1953,S8N0107A,0.55
1954,S8N0107A,0.5
1955,S8N0107A,0.14
1956,S8N0107A,0.63
1957,S8N0107A,0.46
1958,S8N0107A,0.28
1959,S8N0107A,0.79
1960,S8N0107A,0.5
1961,S8N0107A,0.54
1962,S8N0107A,0.33
1963,S8N0107A,0.46
1964,S8N0107A,0.5
1965,S8N0107A,0.7
1966,S8N0107A,0.56
1967,S8N0107A,0.61
1968,S8N0107A,0.12
1969,S8N0107A,0.29
1970,S8N0107A,0.44
1971,S8N0107A,0.46
1972,S8N0107A,0.55
1973,S8N0107A,0.48
1974,S8N0107A,0.86
1975,S8N0107A,0.37
1976,S8N0107A,1.12
1977,S8N0107A,0.92
1978,S8N0107A,0.31
1979,S8N0107A,0.53
1980,S8N0107A,0.15
1981,S8N0107A,0.66
1982,S8N0107A,0.75
1983,S8N0107A,0.84
1984,S8N0107A,1.09
1985,S8N0107A,0.34
1986,S8N0107A,0
1987,S8N0107A,0.39
1988,S8N0107A,0.54
1989,S8N0107A,0.91
1990,S8N0107A,0.92
1991,S8N0107A,0.66
1992,S8N0107A,0.43
1993,S8N0107A,0.92
1994,S8N0107A,0.75
1995,S8N0107A,0.82
1996,S8N0107A,0.35
1997,S8N0107A,0.05
1998,S8N0107A,0.52
1999,S8N0107A,0.12
2000,S8N0107A,0.58
2001,S8N0107A,0.42
2002,S8N0107A,0.26
2003,S8N0107A,0.42
2004,S8N0107A,0.61
2005,S8N0107A,0.27
1965,S8N0108A,0.64
1966,S8N0108A,1.09
1967,S8N0108A,1.84
1968,S8N0108A,0.24
1969,S8N0108A,0.52
1970,S8N0108A,0.29
1971,S8N0108A,0.32
1972,S8N0108A,0.6
1973,S8N0108A,0.38
1974,S8N0108A,0.98
1975,S8N0108A,0.44
1976,S8N0108A,1.22
1977,S8N0108A,0.64
1978,S8N0108A,0.23
1979,S8N0108A,0.64
1980,S8N0108A,0
1981,S8N0108A,0.57
1982,S8N0108A,0.63
1983,S8N0108A,1.39
1984,S8N0108A,1.13
1985,S8N0108A,0.58
1986,S8N0108A,0.12
1987,S8N0108A,0.68
1988,S8N0108A,0.92
1989,S8N0108A,0.58
1990,S8N0108A,0.88
1991,S8N0108A,0.6
1992,S8N0108A,0.75
1993,S8N0108A,1.35
1994,S8N0108A,0.97
1995,S8N0108A,1.16
1996,S8N0108A,0.77
1997,S8N0108A,0.43
1998,S8N0108A,1.24
1999,S8N0108A,0.25
2000,S8N0108A,1.01
2001,S8N0108A,0.7
2002,S8N0108A,0.63
2003,S8N0108A,1.03
2004,S8N0108A,0.8
2005,S8N0108A,1.04
1960,S8N0109A,0.48
1961,S8N0109A,0.39
1962,S8N0109A,0.88
1963,S8N0109A,0.68
1964,S8N0109A,0.94
1965,S8N0109A,0.9
1966,S8N0109A,1.16
1967,S8N0109A,1.7
1968,S8N0109A,0.56
1969,S8N0109A,0.85
1970,S8N0109A,1.04
1971,S8N0109A,0.98
1972,S8N0109A,0.94
1973,S8N0109A,1.14
1974,S8N0109A,1.05
1975,S8N0109A,0.76
1976,S8N0109A,1.25
1977,S8N0109A,1.31
1978,S8N0109A,0.42
1979,S8N0109A,1.02
1980,S8N0109A,0.62
1981,S8N0109A,1.67
1982,S8N0109A,1.72
1983,S8N0109A,1.5
1984,S8N0109A,1.98
1985,S8N0109A,1.1
1986,S8N0109A,1.03
1987,S8N0109A,1.84
1988,S8N0109A,1.86
1989,S8N0109A,1.86
1990,S8N0109A,1.7
1991,S8N0109A,1.23
1992,S8N0109A,1.06
1993,S8N0109A,2.06
1994,S8N0109A,1.33
1995,S8N0109A,1.83
1996,S8N0109A,0.85
1997,S8N0109A,0.78
1998,S8N0109A,1.75
1999,S8N0109A,0.65
2000,S8N0109A,1.14
2001,S8N0109A,0.97
2002,S8N0109A,0.73
2003,S8N0109A,1.29
2004,S8N0109A,1.75
2005,S8N0109A,1.55
1942,S8N0110A,0.44
1943,S8N0110A,0.31
1944,S8N0110A,0.45
1945,S8N0110A,0.44
1946,S8N0110A,0.41
1947,S8N0110A,0.63
1948,S8N0110A,0.5
1949,S8N0110A,0.17
1950,S8N0110A,0.29
1951,S8N0110A,0.66
1952,S8N0110A,0.56
1953,S8N0110A,0.64
1954,S8N0110A,0.48
1955,S8N0110A,0.54
1956,S8N0110A,0.89
1957,S8N0110A,0.62
1958,S8N0110A,0.33
1959,S8N0110A,0.55
1960,S8N0110A,0.44
1961,S8N0110A,0.29
1962,S8N0110A,0.31
1963,S8N0110A,0.36
1964,S8N0110A,0.61
1965,S8N0110A,0.56
1966,S8N0110A,0.63
1967,S8N0110A,0.83
1968,S8N0110A,0.15
1969,S8N0110A,0.41
1970,S8N0110A,0.58
1971,S8N0110A,0.65
1972,S8N0110A,1.04
1973,S8N0110A,0.95
1974,S8N0110A,1.35
1975,S8N0110A,0.86
1976,S8N0110A,1.55
1977,S8N0110A,1.67
1978,S8N0110A,0.53
1979,S8N0110A,1.07
1980,S8N0110A,0.53
1981,S8N0110A,1.66
1982,S8N0110A,1.71
1983,S8N0110A,2.21
1984,S8N0110A,2.21
1985,S8N0110A,1.48
1986,S8N0110A,0.68
1987,S8N0110A,1.39
1988,S8N0110A,1.63
1989,S8N0110A,1.56
1990,S8N0110A,1.54
1991,S8N0110A,1.26
1992,S8N0110A,0.82
1993,S8N0110A,1.72
1994,S8N0110A,1.55
1995,S8N0110A,1.14
1996,S8N0110A,0.86
1997,S8N0110A,0.63
1998,S8N0110A,1.25
1999,S8N0110A,0.57
2000,S8N0110A,0.96
2001,S8N0110A,0.68
2002,S8N0110A,0.37
2003,S8N0110A,0.92
2004,S8N0110A,0.98
2005,S8N0110A,0.76
1955,S8N0111A,0.44
1956,S8N0111A,0.85
1957,S8N0111A,0.84
1958,S8N0111A,0.39
1959,S8N0111A,0.69
1960,S8N0111A,0.24
1961,S8N0111A,0.25
1962,S8N0111A,0.36
1963,S8N0111A,0.54
1964,S8N0111A,0.62
1965,S8N0111A,0.62
1966,S8N0111A,0.44
1967,S8N0111A,0.76
1968,S8N0111A,0.32
1969,S8N0111A,0.47
1970,S8N0111A,0.56
1971,S8N0111A,0.32
1972,S8N0111A,0.59
1973,S8N0111A,0.53
1974,S8N0111A,0.62
1975,S8N0111A,0.76
1976,S8N0111A,1.28
1977,S8N0111A,1.2
1978,S8N0111A,0.52
1979,S8N0111A,0.93
1980,S8N0111A,0.49
1981,S8N0111A,1.38
1982,S8N0111A,1.12
1983,S8N0111A,1.78
1984,S8N0111A,1.8
1985,S8N0111A,1.12
1986,S8N0111A,0.52
1987,S8N0111A,1.13
1988,S8N0111A,0.96
1989,S8N0111A,1.05
1990,S8N0111A,1.3
1991,S8N0111A,1.23
1992,S8N0111A,0.77
1993,S8N0111A,1.63
1994,S8N0111A,1.48
1995,S8N0111A,1.53
1996,S8N0111A,1.37
1997,S8N0111A,0.85
1998,S8N0111A,1.63
1999,S8N0111A,1.29
2000,S8N0111A,1.77
2001,S8N0111A,1.37
2002,S8N0111A,0.95
2003,S8N0111A,1.25
2004,S8N0111A,1.27
2005,S8N0111A,1.38
1955,S8N0112A,0.33
1956,S8N0112A,0.59
1957,S8N0112A,0.55
1958,S8N0112A,0.55
1959,S8N0112A,0.41
1960,S8N0112A,0.34
1961,S8N0112A,0
1962,S8N0112A,0.65
1963,S8N0112A,0.69
1964,S8N0112A,0.89
1965,S8N0112A,0.77
1966,S8N0112A,0.85
1967,S8N0112A,1.12
1968,S8N0112A,0
1969,S8N0112A,0.29
1970,S8N0112A,0.42
1971,S8N0112A,0.25
1972,S8N0112A,0.26
1973,S8N0112A,0.46
1974,S8N0112A,0.07
1975,S8N0112A,0.18
1976,S8N0112A,0.37
1977,S8N0112A,0.48
1978,S8N0112A,0.03
1979,S8N0112A,0.31
1980,S8N0112A,0.19
1981,S8N0112A,0.87
1982,S8N0112A,1.24
1983,S8N0112A,1.28
1984,S8N0112A,1.71
1985,S8N0112A,0.89
1986,S8N0112A,0.49
1987,S8N0112A,0.95
1988,S8N0112A,0.83
1989,S8N0112A,1.16
1990,S8N0112A,1.26
1991,S8N0112A,1.33
1992,S8N0112A,1.47
1993,S8N0112A,1.92
1994,S8N0112A,1.23
1995,S8N0112A,1.71
1996,S8N0112A,1.1
1997,S8N0112A,1.02
1998,S8N0112A,1.3
1999,S8N0112A,1.08
2000,S8N0112A,1.72
2001,S8N0112A,1.08
2002,S8N0112A,1.34
2003,S8N0112A,1.37
2004,S8N0112A,1.15
2005,S8N0112A,0.99
1937,S8N0113A,0.48
1938,S8N0113A,0.74
1939,S8N0113A,0.67
1940,S8N0113A,0.35
1941,S8N0113A,0.34
1942,S8N0113A,0.24
1943,S8N0113A,0.41
1944,S8N0113A,0.42
1945,S8N0113A,0.64
1946,S8N0113A,0.36
1947,S8N0113A,0.38
1948,S8N0113A,0.37
1949,S8N0113A,0.32
1950,S8N0113A,0.33
1951,S8N0113A,1.01
1952,S8N0113A,0.86
1953,S8N0113A,0.67
1954,S8N0113A,0.47
1955,S8N0113A,0.55
1956,S8N0113A,0.67
1957,S8N0113A,0.78
1958,S8N0113A,0.49
1959,S8N0113A,0.78
1960,S8N0113A,0.51
1961,S8N0113A,0.39
1962,S8N0113A,0.4
1963,S8N0113A,0.48
1964,S8N0113A,0.69
1965,S8N0113A,0.73
1966,S8N0113A,0.64
1967,S8N0113A,0.93
1968,S8N0113A,0.21
1969,S8N0113A,0.45
1970,S8N0113A,0.79
1971,S8N0113A,0.66
1972,S8N0113A,0.93
1973,S8N0113A,0.62
1974,S8N0113A,0.8
1975,S8N0113A,0.5
1976,S8N0113A,1.36
1977,S8N0113A,1.31
1978,S8N0113A,0.65
1979,S8N0113A,1.06
1980,S8N0113A,0.39
1981,S8N0113A,1.12
1982,S8N0113A,1.24
1983,S8N0113A,0.89
1984,S8N0113A,1.07
1985,S8N0113A,0.64
1986,S8N0113A,0.3
1987,S8N0113A,1.02
1988,S8N0113A,1.05
1989,S8N0113A,1.36
1990,S8N0113A,1.13
1991,S8N0113A,0.8
1992,S8N0113A,0.63
1993,S8N0113A,1.91
1994,S8N0113A,1.19
1995,S8N0113A,1.62
1996,S8N0113A,0.74
1997,S8N0113A,0.28
1998,S8N0113A,1.06
1999,S8N0113A,0.45
2000,S8N0113A,1.26
2001,S8N0113A,0.73
2002,S8N0113A,0.42
2003,S8N0113A,0.88
2004,S8N0113A,0.78
2005,S8N0113A,0.63
1959,S8N0114A,0.28
1960,S8N0114A,0.55
1961,S8N0114A,0.48
1962,S8N0114A,0.3
1963,S8N0114A,0.47
1964,S8N0114A,0.29
1965,S8N0114A,0.41
1966,S8N0114A,0.45
1967,S8N0114A,0.91
1968,S8N0114A,0.28
1969,S8N0114A,0.32
1970,S8N0114A,0.14
1971,S8N0114A,0.17
1972,S8N0114A,0.28
1973,S8N0114A,0.24
1974,S8N0114A,0.46
1975,S8N0114A,0.36
1976,S8N0114A,1.11
1977,S8N0114A,1.06
1978,S8N0114A,0.35
1979,S8N0114A,0.87
1980,S8N0114A,0.35
1981,S8N0114A,0.71
1982,S8N0114A,1.01
1983,S8N0114A,1.79
1984,S8N0114A,1.62
1985,S8N0114A,0.7
1986,S8N0114A,0.24
1987,S8N0114A,0.91
1988,S8N0114A,1.32
1989,S8N0114A,1.55
1990,S8N0114A,1.46
1991,S8N0114A,0.97
1992,S8N0114A,0.68
1993,S8N0114A,1.62
1994,S8N0114A,1.24
1995,S8N0114A,1.85
1996,S8N0114A,0.51
1997,S8N0114A,0.35
1998,S8N0114A,0.76
1999,S8N0114A,0.35
2000,S8N0114A,1.11
2001,S8N0114A,0.79
2002,S8N0114A,0.52
2003,S8N0114A,0.91
2004,S8N0114A,0.67
2005,S8N0114A,0.77
1952,S8N0115A,0.35
1953,S8N0115A,0.67
1954,S8N0115A,0.64
1955,S8N0115A,0.55
1956,S8N0115A,0.73
1957,S8N0115A,0.53
1958,S8N0115A,0.42
1959,S8N0115A,0.66
1960,S8N0115A,0.63
1961,S8N0115A,0.57
1962,S8N0115A,0.61
1963,S8N0115A,0.67
1964,S8N0115A,0.91
1965,S8N0115A,0.9
1966,S8N0115A,0.7
1967,S8N0115A,0.87
1968,S8N0115A,0.27
1969,S8N0115A,0.45
1970,S8N0115A,0.33
1971,S8N0115A,0.26
1972,S8N0115A,0.65
1973,S8N0115A,0.57
1974,S8N0115A,0.88
1975,S8N0115A,0.51
1976,S8N0115A,1.01
1977,S8N0115A,1.02
1978,S8N0115A,0.51
1979,S8N0115A,0.78
1980,S8N0115A,0.6
1981,S8N0115A,0.97
1982,S8N0115A,1.2
1983,S8N0115A,1.52
1984,S8N0115A,1.49
1985,S8N0115A,0.74
1986,S8N0115A,0.4
1987,S8N0115A,0.74
1988,S8N0115A,1.27
1989,S8N0115A,1.09
1990,S8N0115A,0.87
1991,S8N0115A,1.13
1992,S8N0115A,0.91
1993,S8N0115A,1.28
1994,S8N0115A,0.85
1995,S8N0115A,0.95
1996,S8N0115A,0.8
1997,S8N0115A,0.63
1998,S8N0115A,0.98
1999,S8N0115A,0.61
2000,S8N0115A,0.96
2001,S8N0115A,0.7
2002,S8N0115A,0.74
2003,S8N0115A,0.79
2004,S8N0115A,0.65
2005,S8N0115A,0.6
1953,S8N0117A,0.24
1954,S8N0117A,0.4
1955,S8N0117A,0.3
1956,S8N0117A,0.6
1957,S8N0117A,0.82
1958,S8N0117A,0.52
1959,S8N0117A,0.93
1960,S8N0117A,0.63
1961,S8N0117A,0.44
1962,S8N0117A,0.67
1963,S8N0117A,1.03
1964,S8N0117A,1.13
1965,S8N0117A,1.08
1966,S8N0117A,0.94
1967,S8N0117A,1.41
1968,S8N0117A,0.47
1969,S8N0117A,0.33
1970,S8N0117A,0.32
1971,S8N0117A,0.2
1972,S8N0117A,0.58
1973,S8N0117A,0.58
1974,S8N0117A,1.04
1975,S8N0117A,0.61
1976,S8N0117A,1.32
1977,S8N0117A,1.22
1978,S8N0117A,0.3
1979,S8N0117A,0.28
1980,S8N0117A,0.08
1981,S8N0117A,0.14
1982,S8N0117A,0.61
1983,S8N0117A,0.7
1984,S8N0117A,0.83
1985,S8N0117A,0.53
1986,S8N0117A,0.28
1987,S8N0117A,0.45
1988,S8N0117A,0.62
1989,S8N0117A,0.83
1990,S8N0117A,1.51
1991,S8N0117A,1.19
1992,S8N0117A,1.03
1993,S8N0117A,2.05
1994,S8N0117A,1.48
1995,S8N0117A,1.13
1996,S8N0117A,0.71
1997,S8N0117A,0.05
1998,S8N0117A,1.28
1999,S8N0117A,0.81
2000,S8N0117A,1.18
2001,S8N0117A,1.28
2002,S8N0117A,0.74
2003,S8N0117A,0.86
2004,S8N0117A,0.79
2005,S8N0117A,0.64
1974,S8N0118A,0.22
1975,S8N0118A,0.6
1976,S8N0118A,0.61
1977,S8N0118A,0.83
1978,S8N0118A,1.78
1979,S8N0118A,1.71
1980,S8N0118A,0.56
1981,S8N0118A,0.06
1982,S8N0118A,0.15
1983,S8N0118A,0.32
1984,S8N0118A,0.28
1985,S8N0118A,0.83
1986,S8N0118A,0.35
1987,S8N0118A,0.56
1988,S8N0118A,0.59
1989,S8N0118A,0.95
1990,S8N0118A,0.67
1991,S8N0118A,0.46
1992,S8N0118A,0.98
1993,S8N0118A,2.32
1994,S8N0118A,1.19
1995,S8N0118A,2.1
1996,S8N0118A,0.94
1997,S8N0118A,0.51
1998,S8N0118A,1.73
1999,S8N0118A,0.9
2000,S8N0118A,1.73
2001,S8N0118A,1.43
2002,S8N0118A,1.01
2003,S8N0118A,2.16
2004,S8N0118A,1.54
2005,S8N0118A,1.76
1950,S8N0119A,0.4
1951,S8N0119A,0.24
1952,S8N0119A,1.48
1953,S8N0119A,1.64
1954,S8N0119A,1.37
1955,S8N0119A,0.7
1956,S8N0119A,1.14
1957,S8N0119A,0.98
1958,S8N0119A,0.62
1959,S8N0119A,0.89
1960,S8N0119A,0.55
1961,S8N0119A,0.35
1962,S8N0119A,0.76
1963,S8N0119A,1.01
1964,S8N0119A,1.27
1965,S8N0119A,1.12
1966,S8N0119A,0.84
1967,S8N0119A,1.28
1968,S8N0119A,0.32
1969,S8N0119A,0.55
1970,S8N0119A,0.79
1971,S8N0119A,0.64
1972,S8N0119A,1
1973,S8N0119A,0.96
1974,S8N0119A,1.22
1975,S8N0119A,0.42
1976,S8N0119A,0.5
1977,S8N0119A,0.31
1978,S8N0119A,0
1979,S8N0119A,0.47
1980,S8N0119A,0.32
1981,S8N0119A,0.69
1982,S8N0119A,1.01
1983,S8N0119A,1.27
1984,S8N0119A,1.4
1985,S8N0119A,0.71
1986,S8N0119A,0.26
1987,S8N0119A,0.82
1988,S8N0119A,0.8
1989,S8N0119A,0.1
1990,S8N0119A,0.12
1991,S8N0119A,0.02
1992,S8N0119A,0
1993,S8N0119A,0.11
1994,S8N0119A,0.21
1995,S8N0119A,0.16
1996,S8N0119A,0.13
1997,S8N0119A,0.14
1998,S8N0119A,0.55
1999,S8N0119A,0.36
2000,S8N0119A,0.94
2001,S8N0119A,0.68
2002,S8N0119A,0.69
2003,S8N0119A,1.13
2004,S8N0119A,1.02
2005,S8N0119A,0.85
1962,S8N0120A,0.44
1963,S8N0120A,0.58
1964,S8N0120A,0.59
1965,S8N0120A,0.46
1966,S8N0120A,0.78
1967,S8N0120A,1.05
1968,S8N0120A,0.4
1969,S8N0120A,0.6
1970,S8N0120A,0.84
1971,S8N0120A,0.71
1972,S8N0120A,1.01
1973,S8N0120A,1
1974,S8N0120A,1.41
1975,S8N0120A,0.98
1976,S8N0120A,1.9
1977,S8N0120A,1.64
1978,S8N0120A,0.66
1979,S8N0120A,1.55
1980,S8N0120A,0.73
1981,S8N0120A,1.39
1982,S8N0120A,1.39
1983,S8N0120A,1.54
1984,S8N0120A,1.71
1985,S8N0120A,0.74
1986,S8N0120A,0.15
1987,S8N0120A,1.26
1988,S8N0120A,1.7
1989,S8N0120A,1.35
1990,S8N0120A,1.3
1991,S8N0120A,1.2
1992,S8N0120A,1
1993,S8N0120A,1.62
1994,S8N0120A,1.27
1995,S8N0120A,1.43
1996,S8N0120A,0.46
1997,S8N0120A,0.3
1998,S8N0120A,0.58
1999,S8N0120A,0.09
2000,S8N0120A,0.31
2001,S8N0120A,0.24
2002,S8N0120A,0.1
2003,S8N0120A,0.16
1954,S8N0121A,0.45
1955,S8N0121A,1
1956,S8N0121A,0.83
1957,S8N0121A,0.73
1958,S8N0121A,0.58
1959,S8N0121A,0.61
1960,S8N0121A,0.67
1961,S8N0121A,0.44
1962,S8N0121A,0.56
1963,S8N0121A,0.42
1964,S8N0121A,0.66
1965,S8N0121A,0.72
1966,S8N0121A,0.57
1967,S8N0121A,0.92
1968,S8N0121A,0.13
1969,S8N0121A,0.33
1970,S8N0121A,0.54
1971,S8N0121A,0.61
1972,S8N0121A,0.82
1973,S8N0121A,0.71
1974,S8N0121A,1.06
1975,S8N0121A,0.74
1976,S8N0121A,1.63
1977,S8N0121A,1.45
1978,S8N0121A,0.49
1979,S8N0121A,1.01
1980,S8N0121A,0.45
1981,S8N0121A,1.19
1982,S8N0121A,1.58
1983,S8N0121A,2.17
1984,S8N0121A,2.05
1985,S8N0121A,1.36
1986,S8N0121A,0.44
1987,S8N0121A,0.93
1988,S8N0121A,1.09
1989,S8N0121A,1.17
1990,S8N0121A,1.08
1991,S8N0121A,0.9
1992,S8N0121A,0.74
1993,S8N0121A,1.14
1994,S8N0121A,0.96
1995,S8N0121A,1.21
1996,S8N0121A,0.62
1997,S8N0121A,0.31
1998,S8N0121A,1.1
1999,S8N0121A,0.44
2000,S8N0121A,0.83
2001,S8N0121A,0.68
2002,S8N0121A,0.4
2003,S8N0121A,0.44
2004,S8N0121A,0.47
2005,S8N0121A,0.61
1953,S8N0122A,0.92
1954,S8N0122A,1.18
1955,S8N0122A,1.39
1956,S8N0122A,1.33
1957,S8N0122A,0.74
1958,S8N0122A,0.5
1959,S8N0122A,0.9
1960,S8N0122A,0.79
1961,S8N0122A,0.65
1962,S8N0122A,0.83
1963,S8N0122A,0.61
1964,S8N0122A,1.04
1965,S8N0122A,0.86
1966,S8N0122A,0.83
1967,S8N0122A,0.88
1968,S8N0122A,0.06
1969,S8N0122A,0.2
1970,S8N0122A,0.07
1971,S8N0122A,0.17
1972,S8N0122A,0.46
1973,S8N0122A,0.76
1974,S8N0122A,1.13
1975,S8N0122A,0.8
1976,S8N0122A,1.73
1977,S8N0122A,1.89
1978,S8N0122A,0.3
1979,S8N0122A,1.08
1980,S8N0122A,0.3
1981,S8N0122A,1.14
1982,S8N0122A,1.15
1983,S8N0122A,1.17
1984,S8N0122A,1.15
1985,S8N0122A,0.85
1986,S8N0122A,0.24
1987,S8N0122A,0.9
1988,S8N0122A,1.73
1989,S8N0122A,1.58
1990,S8N0122A,1.71
1991,S8N0122A,0.95
1992,S8N0122A,0.51
1993,S8N0122A,0.89
1994,S8N0122A,0.83
1995,S8N0122A,1.09
1996,S8N0122A,0.51
1997,S8N0122A,0.29
1998,S8N0122A,0.95
1999,S8N0122A,0.72
2000,S8N0122A,1.36
2001,S8N0122A,1.37
2002,S8N0122A,0.71
2003,S8N0122A,1.09
2004,S8N0122A,1.01
2005,S8N0122A,1.12
1965,S8N0123A,0.56
1966,S8N0123A,0.75
1967,S8N0123A,0.71
1968,S8N0123A,0.12
1969,S8N0123A,0.32
1970,S8N0123A,0.44
1971,S8N0123A,0.26
1972,S8N0123A,0.55
1973,S8N0123A,0.59
1974,S8N0123A,0.98
1975,S8N0123A,0.77
1976,S8N0123A,1.38
1977,S8N0123A,1.42
1978,S8N0123A,0.46
1979,S8N0123A,0.88
1980,S8N0123A,0.35
1981,S8N0123A,1.44
1982,S8N0123A,1.64
1983,S8N0123A,1.96
1984,S8N0123A,2.27
1985,S8N0123A,0.8
1986,S8N0123A,0.78
1987,S8N0123A,1.59
1988,S8N0123A,1.82
1989,S8N0123A,2.35
1990,S8N0123A,1.55
1991,S8N0123A,1.14
1992,S8N0123A,0.8
1993,S8N0123A,1.92
1994,S8N0123A,1.38
1995,S8N0123A,1.78
1996,S8N0123A,0.63
1997,S8N0123A,0.29
1998,S8N0123A,0.95
1999,S8N0123A,0.61
2000,S8N0123A,1.53
2001,S8N0123A,0.93
2002,S8N0123A,0.5
2003,S8N0123A,0.92
2004,S8N0123A,0.99
2005,S8N0123A,0.91
1954,S8N0124A,0.25
1955,S8N0124A,0.74
1956,S8N0124A,0.66
1957,S8N0124A,0.6
1958,S8N0124A,0.45
1959,S8N0124A,0.69
1960,S8N0124A,0.75
1961,S8N0124A,0.48
1962,S8N0124A,0.59
1963,S8N0124A,0.65
1964,S8N0124A,0.4
1965,S8N0124A,0.44
1966,S8N0124A,0.51
1967,S8N0124A,0.74
1968,S8N0124A,0
1969,S8N0124A,0.57
1970,S8N0124A,0.37
1971,S8N0124A,0.35
1972,S8N0124A,0.74
1973,S8N0124A,0.66
1974,S8N0124A,0.89
1975,S8N0124A,0.45
1976,S8N0124A,1.14
1977,S8N0124A,1.06
1978,S8N0124A,0.6
1979,S8N0124A,0.62
1980,S8N0124A,0.01
1981,S8N0124A,0.63
1982,S8N0124A,0.82
1983,S8N0124A,0.92
1984,S8N0124A,1.37
1985,S8N0124A,0.54
1986,S8N0124A,0
1987,S8N0124A,0.28
1988,S8N0124A,0.42
1989,S8N0124A,0.87
1990,S8N0124A,0.94
1991,S8N0124A,0.96
1992,S8N0124A,0.71
1993,S8N0124A,1.63
1994,S8N0124A,0.97
1995,S8N0124A,1.28
1996,S8N0124A,0.56
1997,S8N0124A,0.05
1998,S8N0124A,1.48
1999,S8N0124A,0.9
2000,S8N0124A,1.61
2001,S8N0124A,1.07
2002,S8N0124A,0.47
2003,S8N0124A,0.97
2004,S8N0124A,1.2
2005,S8N0124A,0.51
1945,S8N0125A,0.36
1946,S8N0125A,0.16
1947,S8N0125A,0.21
1948,S8N0125A,0.35
1949,S8N0125A,0.28
1950,S8N0125A,0.27
1951,S8N0125A,0.46
1952,S8N0125A,0.57
1953,S8N0125A,0.43
1954,S8N0125A,0.63
1955,S8N0125A,0.48
1956,S8N0125A,0.71
1957,S8N0125A,0.59
1958,S8N0125A,0.36
1959,S8N0125A,0.43
1960,S8N0125A,0.4
1961,S8N0125A,0.42
1962,S8N0125A,0.48
1963,S8N0125A,0.4
1964,S8N0125A,0.57
1965,S8N0125A,0.7
1966,S8N0125A,0.55
1967,S8N0125A,0.5
1968,S8N0125A,0.18
1969,S8N0125A,0.43
1970,S8N0125A,0.43
1971,S8N0125A,0.27
1972,S8N0125A,0.64
1973,S8N0125A,0.36
1974,S8N0125A,0.51
1975,S8N0125A,0.51
1976,S8N0125A,0.87
1977,S8N0125A,0.81
1978,S8N0125A,0.38
1979,S8N0125A,0.61
1980,S8N0125A,0.15
1981,S8N0125A,0.45
1982,S8N0125A,0.55
1983,S8N0125A,1.27
1984,S8N0125A,1.61
1985,S8N0125A,0.9
1986,S8N0125A,0.08
1987,S8N0125A,0.66
1988,S8N0125A,1.02
1989,S8N0125A,0.66
1990,S8N0125A,0.6
1991,S8N0125A,0.75
1992,S8N0125A,0.47
1993,S8N0125A,1.19
1994,S8N0125A,0.82
1995,S8N0125A,0.54
1996,S8N0125A,0.26
1997,S8N0125A,0
1998,S8N0125A,0.36
1999,S8N0125A,0.19
2000,S8N0125A,0.44
2001,S8N0125A,0.26
2002,S8N0125A,0.26
2003,S8N0125A,0.65
2004,S8N0125A,0.35
2005,S8N0125A,0.28
1941,S8N0126A,0.23
1942,S8N0126A,0.53
1943,S8N0126A,0.37
1944,S8N0126A,0.33
1945,S8N0126A,0.45
1946,S8N0126A,0.32
1947,S8N0126A,0.26
1948,S8N0126A,0.11
1949,S8N0126A,0.15
1950,S8N0126A,0.2
1951,S8N0126A,0.46
1952,S8N0126A,0.49
1953,S8N0126A,0.59
1954,S8N0126A,0.41
1955,S8N0126A,0.3
1956,S8N0126A,0.6
1957,S8N0126A,0.56
1958,S8N0126A,0.3
1959,S8N0126A,0.23
1960,S8N0126A,0.3
1961,S8N0126A,0.32
1962,S8N0126A,0.18
1963,S8N0126A,0.41
1964,S8N0126A,0.48
1965,S8N0126A,0.41
1966,S8N0126A,0.27
1967,S8N0126A,0.46
1968,S8N0126A,0.33
1969,S8N0126A,0.33
1970,S8N0126A,0.82
1971,S8N0126A,0.65
1972,S8N0126A,0.84
1973,S8N0126A,0.4
1974,S8N0126A,0.97
1975,S8N0126A,0.84
1976,S8N0126A,0.31
1977,S8N0126A,0.95
1978,S8N0126A,0.01
1979,S8N0126A,0.42
1980,S8N0126A,0.01
1981,S8N0126A,1.47
1982,S8N0126A,1.58
1983,S8N0126A,1.94
1984,S8N0126A,1.92
1985,S8N0126A,0.54
1986,S8N0126A,0
1987,S8N0126A,0.82
1988,S8N0126A,1.18
1989,S8N0126A,1.2
1990,S8N0126A,1.18
1991,S8N0126A,1.01
1992,S8N0126A,0.76
1993,S8N0126A,1.76
1994,S8N0126A,1.12
1995,S8N0126A,1.45
1996,S8N0126A,0.7
1997,S8N0126A,0.45
1998,S8N0126A,1.07
1999,S8N0126A,0.22
2000,S8N0126A,0.81
2001,S8N0126A,0.24
2002,S8N0126A,0.49
2003,S8N0126A,0.76
2004,S8N0126A,0.72
2005,S8N0126A,0.71
1921,S8N0127A,0.55
1922,S8N0127A,0.16
1923,S8N0127A,0.24
1924,S8N0127A,0.17
1925,S8N0127A,0.07
1926,S8N0127A,0.09
1927,S8N0127A,0.14
1928,S8N0127A,0.27
1929,S8N0127A,0.11
1930,S8N0127A,0.05
1931,S8N0127A,0.12
1932,S8N0127A,0.13
1933,S8N0127A,0.12
1934,S8N0127A,0.13
1935,S8N0127A,0.2
1936,S8N0127A,0.17
1937,S8N0127A,0.18
1938,S8N0127A,0.43
1939,S8N0127A,0.25
1940,S8N0127A,0.38
1941,S8N0127A,0.12
1942,S8N0127A,0.52
1943,S8N0127A,0.58
1944,S8N0127A,0.2
1945,S8N0127A,0.76
1946,S8N0127A,0.37
1947,S8N0127A,0.07
1948,S8N0127A,0.4
1949,S8N0127A,0.08
1950,S8N0127A,0.17
1951,S8N0127A,0.67
1952,S8N0127A,0.93
1953,S8N0127A,1.01
1954,S8N0127A,0.68
1955,S8N0127A,0.69
1956,S8N0127A,0.57
1957,S8N0127A,0.66
1958,S8N0127A,0.34
1959,S8N0127A,0.54
1960,S8N0127A,0.43
1961,S8N0127A,0.23
1962,S8N0127A,0.47
1963,S8N0127A,0.31
1964,S8N0127A,0.27
1965,S8N0127A,0.4
1966,S8N0127A,0.32
1967,S8N0127A,0.45
1968,S8N0127A,0
1969,S8N0127A,0.32
1970,S8N0127A,0.29
1971,S8N0127A,0.28
1972,S8N0127A,0.42
1973,S8N0127A,0.71
1974,S8N0127A,1.1
1975,S8N0127A,0.82
1976,S8N0127A,1.16
1977,S8N0127A,0.89
1978,S8N0127A,0.22
1979,S8N0127A,0.71
1980,S8N0127A,0.49
1981,S8N0127A,0.94
1982,S8N0127A,1.09
1983,S8N0127A,1.46
1984,S8N0127A,1.93
1985,S8N0127A,1.06
1986,S8N0127A,0.39
1987,S8N0127A,1.16
1988,S8N0127A,1.27
1989,S8N0127A,1.36
1990,S8N0127A,1.53
1991,S8N0127A,1.55
1992,S8N0127A,1.24
1993,S8N0127A,2.27
1994,S8N0127A,1.34
1995,S8N0127A,1.21
1996,S8N0127A,0.73
1997,S8N0127A,0.27
1998,S8N0127A,1.01
1999,S8N0127A,0.76
2000,S8N0127A,1.32
2001,S8N0127A,0.55
2002,S8N0127A,0.45
2003,S8N0127A,0.68
2004,S8N0127A,0.92
2005,S8N0127A,0.62
1966,S8N0128A,0.31
1967,S8N0128A,1.14
1968,S8N0128A,0.64
1969,S8N0128A,1.23
1970,S8N0128A,1.36
1971,S8N0128A,0.32
1972,S8N0128A,0.66
1973,S8N0128A,0.77
1974,S8N0128A,1.23
1975,S8N0128A,0.94
1976,S8N0128A,1.15
1977,S8N0128A,1.1
1978,S8N0128A,0.61
1979,S8N0128A,0.82
1980,S8N0128A,0.5
1981,S8N0128A,1.26
1982,S8N0128A,1.56
1983,S8N0128A,1.75
1984,S8N0128A,1.52
1985,S8N0128A,0.69
1986,S8N0128A,0.23
1987,S8N0128A,0.94
1988,S8N0128A,0.67
1989,S8N0128A,0.65
1990,S8N0128A,0.85
1991,S8N0128A,0.88
1992,S8N0128A,0.67
1993,S8N0128A,1.56
1994,S8N0128A,0.88
1995,S8N0128A,0.71
1996,S8N0128A,0.37
1997,S8N0128A,0.26
1998,S8N0128A,0.63
1999,S8N0128A,0.41
2000,S8N0128A,0.82
2001,S8N0128A,0.66
2002,S8N0128A,0.52
2003,S8N0128A,1.17
2004,S8N0128A,0.98
2005,S8N0128A,0.75
1952,S8N0129A,0.47
1953,S8N0129A,0.34
1954,S8N0129A,0.5
1955,S8N0129A,0.31
1956,S8N0129A,0.58
1957,S8N0129A,0.55
1958,S8N0129A,0.53
1959,S8N0129A,0.42
1960,S8N0129A,0.34
1961,S8N0129A,0.25
1962,S8N0129A,0.32
1963,S8N0129A,0.44
1964,S8N0129A,0.25
1965,S8N0129A,0.19
1966,S8N0129A,0.13
1967,S8N0129A,0.15
1968,S8N0129A,0.05
1969,S8N0129A,0.18
1970,S8N0129A,0.3
1971,S8N0129A,0.18
1972,S8N0129A,0.29
1973,S8N0129A,0.35
1974,S8N0129A,0.58
1975,S8N0129A,0.72
1976,S8N0129A,1.1
1977,S8N0129A,1.14
1978,S8N0129A,0.49
1979,S8N0129A,0.59
1980,S8N0129A,0.28
1981,S8N0129A,1.33
1982,S8N0129A,1.49
1983,S8N0129A,1.37
1984,S8N0129A,1.55
1985,S8N0129A,0.68
1986,S8N0129A,0.33
1987,S8N0129A,1.03
1988,S8N0129A,1.13
1989,S8N0129A,0.98
1990,S8N0129A,1.23
1991,S8N0129A,0.64
1992,S8N0129A,0.86
1993,S8N0129A,1.58
1994,S8N0129A,1
1995,S8N0129A,1.18
1996,S8N0129A,0.76
1997,S8N0129A,0.53
1998,S8N0129A,1.17
1999,S8N0129A,0.68
2000,S8N0129A,1.19
2001,S8N0129A,0.68
2002,S8N0129A,0.79
2003,S8N0129A,1.4
2004,S8N0129A,1.52
2005,S8N0129A,1.07
1951,S8N0130A,0.32
1952,S8N0130A,0.31
1953,S8N0130A,0.72
1954,S8N0130A,0.68
1955,S8N0130A,0.66
1956,S8N0130A,0.67
1957,S8N0130A,0.45
1958,S8N0130A,0.34
1959,S8N0130A,0.33
1960,S8N0130A,0.38
1961,S8N0130A,0.38
1962,S8N0130A,0.24
1963,S8N0130A,0.41
1964,S8N0130A,0.48
1965,S8N0130A,0.49
1966,S8N0130A,0.54
1967,S8N0130A,0.65
1968,S8N0130A,0.19
1969,S8N0130A,0.44
1970,S8N0130A,0.56
1971,S8N0130A,0.38
1972,S8N0130A,0.59
1973,S8N0130A,0.42
1974,S8N0130A,0.68
1975,S8N0130A,0.45
1976,S8N0130A,0.82
1977,S8N0130A,0.76
1978,S8N0130A,0.39
1979,S8N0130A,0.72
1980,S8N0130A,0.39
1981,S8N0130A,0.8
1982,S8N0130A,1.05
1983,S8N0130A,1.06
1984,S8N0130A,1.4
1985,S8N0130A,0.68
1986,S8N0130A,0.18
1987,S8N0130A,0.83
1988,S8N0130A,1.04
1989,S8N0130A,1.01
1990,S8N0130A,0.96
1991,S8N0130A,1
1992,S8N0130A,0.89
1993,S8N0130A,1.83
1994,S8N0130A,1.45
1995,S8N0130A,1.08
1996,S8N0130A,0.77
1997,S8N0130A,0.16
1998,S8N0130A,0.66
1999,S8N0130A,0.12
2000,S8N0130A,0.41
2001,S8N0130A,0.27
2002,S8N0130A,0.2
1963,S8N0131A,0.33
1964,S8N0131A,1.09
1965,S8N0131A,1.01
1966,S8N0131A,0.9
1967,S8N0131A,0.95
1968,S8N0131A,0.01
1969,S8N0131A,0.44
1970,S8N0131A,0.53
1971,S8N0131A,0.53
1972,S8N0131A,0.55
1973,S8N0131A,0.64
1974,S8N0131A,1.16
1975,S8N0131A,0.69
1976,S8N0131A,1.15
1977,S8N0131A,1
1978,S8N0131A,0.55
1979,S8N0131A,0.94
1980,S8N0131A,0.42
1981,S8N0131A,1.38
1982,S8N0131A,1.39
1983,S8N0131A,1.83
1984,S8N0131A,1.51
1985,S8N0131A,0.89
1986,S8N0131A,0.33
1987,S8N0131A,1.27
1988,S8N0131A,1.11
1989,S8N0131A,1.43
1990,S8N0131A,1.17
1991,S8N0131A,1.18
1992,S8N0131A,0.89
1993,S8N0131A,2.19
1994,S8N0131A,1.41
1995,S8N0131A,1.31
1996,S8N0131A,0.4
1997,S8N0131A,0.31
1998,S8N0131A,1.44
1999,S8N0131A,0.75
2000,S8N0131A,1.47
2001,S8N0131A,0.9
2002,S8N0131A,0.43
2003,S8N0131A,1.06
2004,S8N0131A,0.92
2005,S8N0131A,0.84
1932,S8N0132A,0.45
1933,S8N0132A,0.45
1934,S8N0132A,0.25
1935,S8N0132A,0.58
1936,S8N0132A,0.16
1937,S8N0132A,0.3
1938,S8N0132A,0.28
1939,S8N0132A,0.34
1940,S8N0132A,0.73
1941,S8N0132A,0.13
1942,S8N0132A,0.7
1943,S8N0132A,0.42
1944,S8N0132A,0.3
1945,S8N0132A,0.67
1946,S8N0132A,0.42
1947,S8N0132A,0.07
1948,S8N0132A,0.4
1949,S8N0132A,0.08
1950,S8N0132A,0.11
1951,S8N0132A,1.24
1952,S8N0132A,0.52
1953,S8N0132A,0.19
1954,S8N0132A,0.57
1955,S8N0132A,0.42
1956,S8N0132A,0.76
1957,S8N0132A,0.81
1958,S8N0132A,0.48
1959,S8N0132A,1.3
1960,S8N0132A,1.01
1961,S8N0132A,0.67
1962,S8N0132A,1.33
1963,S8N0132A,1.3
1964,S8N0132A,1.7
1965,S8N0132A,1.54
1966,S8N0132A,1.42
1967,S8N0132A,2.11
1968,S8N0132A,0.24
1969,S8N0132A,0.44
1970,S8N0132A,0.63
1971,S8N0132A,0.99
1972,S8N0132A,1.24
1973,S8N0132A,0.58
1974,S8N0132A,0.98
1975,S8N0132A,0.58
1976,S8N0132A,1.14
1977,S8N0132A,1.39
1978,S8N0132A,0.23
1979,S8N0132A,0.81
1980,S8N0132A,0
1981,S8N0132A,0.38
1982,S8N0132A,1.05
1983,S8N0132A,1.34
1984,S8N0132A,1.7
1985,S8N0132A,1.42
1986,S8N0132A,0.14
1987,S8N0132A,0.42
1988,S8N0132A,0.91
1989,S8N0132A,1.35
1990,S8N0132A,1.27
1991,S8N0132A,0.58
1992,S8N0132A,0.31
1993,S8N0132A,0.88
1994,S8N0132A,0.83
1995,S8N0132A,0.95
1996,S8N0132A,0.17
1997,S8N0132A,0
1998,S8N0132A,0.69
1999,S8N0132A,0.14
2000,S8N0132A,0.74
2001,S8N0132A,0.42
2002,S8N0132A,0.21
2003,S8N0132A,0.32
2004,S8N0132A,0.93
2005,S8N0132A,0.53
1953,S8N0133A,0.26
1954,S8N0133A,0.71
1955,S8N0133A,0.66
1956,S8N0133A,0.48
1957,S8N0133A,0.7
1958,S8N0133A,0.37
1959,S8N0133A,0.75
1960,S8N0133A,0.78
1961,S8N0133A,0.43
1962,S8N0133A,0.48
1963,S8N0133A,0.39
1964,S8N0133A,0.62
1965,S8N0133A,0.67
1966,S8N0133A,0.5
1967,S8N0133A,0.74
1968,S8N0133A,0.1
1969,S8N0133A,0.39
1970,S8N0133A,0.79
1971,S8N0133A,0.65
1972,S8N0133A,1.01
1973,S8N0133A,0.29
1974,S8N0133A,0.85
1975,S8N0133A,0.81
1976,S8N0133A,1.19
1977,S8N0133A,1.03
1978,S8N0133A,0.27
1979,S8N0133A,0.37
1980,S8N0133A,0.23
1981,S8N0133A,0.67
1982,S8N0133A,1
1983,S8N0133A,1.35
1984,S8N0133A,1.55
1985,S8N0133A,0.49
1986,S8N0133A,0.07
1987,S8N0133A,0.64
1988,S8N0133A,0.9
1989,S8N0133A,1.02
1990,S8N0133A,1.02
1991,S8N0133A,0.53
1992,S8N0133A,0.43
1993,S8N0133A,1.09
1994,S8N0133A,0.7
1995,S8N0133A,0.42
1996,S8N0133A,0.43
1997,S8N0133A,0.16
1998,S8N0133A,0.81
1999,S8N0133A,0.33
2000,S8N0133A,0.61
2001,S8N0133A,0.36
2002,S8N0133A,0.37
2003,S8N0133A,0.47
2004,S8N0133A,0.5
2005,S8N0133A,0.38
1955,S8N0134A,0.27
1956,S8N0134A,0.7
1957,S8N0134A,0.6
1958,S8N0134A,0.36
1959,S8N0134A,0.71
1960,S8N0134A,0.57
1961,S8N0134A,0.47
1962,S8N0134A,0.48
1963,S8N0134A,0.48
1964,S8N0134A,0.99
1965,S8N0134A,0.98
1966,S8N0134A,1.12
1967,S8N0134A,1.41
1968,S8N0134A,0.41
1969,S8N0134A,0.64
1970,S8N0134A,0.81
1971,S8N0134A,0.84
1972,S8N0134A,1.14
1973,S8N0134A,0.77
1974,S8N0134A,1.55
1975,S8N0134A,0.78
1976,S8N0134A,1.49
1977,S8N0134A,1.32
1978,S8N0134A,0.56
1979,S8N0134A,1.05
1980,S8N0134A,0.8
1981,S8N0134A,1.47
1982,S8N0134A,1.16
1983,S8N0134A,1.68
1984,S8N0134A,1.7
1985,S8N0134A,1.12
1986,S8N0134A,0.5
1987,S8N0134A,0.83
1988,S8N0134A,1.07
1989,S8N0134A,1.18
1990,S8N0134A,0.7
1991,S8N0134A,0.79
1992,S8N0134A,0.54
1993,S8N0134A,0.98
1994,S8N0134A,0.57
1995,S8N0134A,0.65
1996,S8N0134A,0.36
1997,S8N0134A,0.39
1998,S8N0134A,0.82
1999,S8N0134A,0.22
2000,S8N0134A,0.96
2001,S8N0134A,0.42
2002,S8N0134A,0.37
2003,S8N0134A,0.7
2004,S8N0134A,0.8
2005,S8N0134A,0.63
1938,S8N0136A,0.54
1939,S8N0136A,0.55
1940,S8N0136A,0.34
1941,S8N0136A,0.32
1942,S8N0136A,0.48
1943,S8N0136A,0.49
1944,S8N0136A,0.36
1945,S8N0136A,0.38
1946,S8N0136A,0.27
1947,S8N0136A,0.27
1948,S8N0136A,0.34
1949,S8N0136A,0
1950,S8N0136A,0.36
1951,S8N0136A,0.73
1952,S8N0136A,0.57
1953,S8N0136A,0.87
1954,S8N0136A,0.58
1955,S8N0136A,0.78
1956,S8N0136A,0.96
1957,S8N0136A,0.7
1958,S8N0136A,0
1959,S8N0136A,0.36
1960,S8N0136A,0.66
1961,S8N0136A,0.85
1962,S8N0136A,1.24
1963,S8N0136A,0.83
1964,S8N0136A,1.29
1965,S8N0136A,1.23
1966,S8N0136A,1.41
1967,S8N0136A,1.83
1968,S8N0136A,0.31
1969,S8N0136A,0.46
1970,S8N0136A,0.58
1971,S8N0136A,0.66
1972,S8N0136A,0.66
1973,S8N0136A,0.73
1974,S8N0136A,0.86
1975,S8N0136A,0.65
1976,S8N0136A,1.26
1977,S8N0136A,1.12
1978,S8N0136A,0.18
1979,S8N0136A,0.44
1980,S8N0136A,0.18
1981,S8N0136A,0.62
1982,S8N0136A,0.93
1983,S8N0136A,1.35
1984,S8N0136A,1.38
1985,S8N0136A,0.21
1986,S8N0136A,0
1987,S8N0136A,0.64
1988,S8N0136A,1.25
1989,S8N0136A,1.26
1990,S8N0136A,0.91
1991,S8N0136A,0.43
1992,S8N0136A,0.27
1993,S8N0136A,0.65
1994,S8N0136A,0.62
1995,S8N0136A,0.53
1996,S8N0136A,0.19
1997,S8N0136A,0
1998,S8N0136A,0.53
1999,S8N0136A,0.17
2000,S8N0136A,0.54
2001,S8N0136A,0.25
2002,S8N0136A,0.08
2003,S8N0136A,0.49
2004,S8N0136A,0.9
2005,S8N0136A,0.47
1952,S8N0137A,1.18
1953,S8N0137A,1.03
1954,S8N0137A,0.53
1955,S8N0137A,1.08
1956,S8N0137A,1.22
1957,S8N0137A,1.75
1958,S8N0137A,1.3
1959,S8N0137A,2.01
1960,S8N0137A,0.69
1961,S8N0137A,0.45
1962,S8N0137A,0.73
1963,S8N0137A,0.68
1964,S8N0137A,0.9
1965,S8N0137A,0.79
1966,S8N0137A,0.82
1967,S8N0137A,1.19
1968,S8N0137A,0.17
1969,S8N0137A,0.39
1970,S8N0137A,0.94
1971,S8N0137A,0.66
1972,S8N0137A,0.98
1973,S8N0137A,0.85
1974,S8N0137A,0.79
1975,S8N0137A,0.58
1976,S8N0137A,1.5
1977,S8N0137A,1.22
1978,S8N0137A,0.42
1979,S8N0137A,0.74
1980,S8N0137A,0.17
1981,S8N0137A,0.95
1982,S8N0137A,1.12
1983,S8N0137A,0.9
1984,S8N0137A,1.64
1985,S8N0137A,0.79
1986,S8N0137A,0.28
1987,S8N0137A,1.23
1988,S8N0137A,1.76
1989,S8N0137A,1.87
1990,S8N0137A,1.27
1991,S8N0137A,0.49
1992,S8N0137A,0.41
1993,S8N0137A,1.92
1994,S8N0137A,0.99
1995,S8N0137A,0.73
1996,S8N0137A,0.42
1997,S8N0137A,0.08
1998,S8N0137A,0.96
1999,S8N0137A,0.76
2000,S8N0137A,1.47
2001,S8N0137A,1.07
2002,S8N0137A,0.65
2003,S8N0137A,1.08
2004,S8N0137A,0.93
2005,S8N0137A,0.63
1956,S8N0138A,0.17
1957,S8N0138A,0.84
1958,S8N0138A,0.33
1959,S8N0138A,0.3
1960,S8N0138A,0.21
1961,S8N0138A,0.19
1962,S8N0138A,0.39
1963,S8N0138A,0.51
1964,S8N0138A,0.67
1965,S8N0138A,0.65
1966,S8N0138A,0.77
1967,S8N0138A,1.21
1968,S8N0138A,0.41
1969,S8N0138A,0.5
1970,S8N0138A,0.61
1971,S8N0138A,0.65
1972,S8N0138A,0.9
1973,S8N0138A,1.07
1974,S8N0138A,1.33
1975,S8N0138A,0.82
1976,S8N0138A,1.68
1977,S8N0138A,1.8
1978,S8N0138A,0.5
1979,S8N0138A,1.36
1980,S8N0138A,0.63
1981,S8N0138A,1.28
1982,S8N0138A,1.72
1983,S8N0138A,2.17
1984,S8N0138A,2.37
1985,S8N0138A,1.16
1986,S8N0138A,0.59
1987,S8N0138A,1.44
1988,S8N0138A,1.55
1989,S8N0138A,2
1990,S8N0138A,0.91
1991,S8N0138A,1.73
1992,S8N0138A,0.96
1993,S8N0138A,2.43
1994,S8N0138A,1.66
1995,S8N0138A,1.87
1996,S8N0138A,1.23
1997,S8N0138A,0.67
1998,S8N0138A,1.74
1999,S8N0138A,0.92
2000,S8N0138A,1.33
2001,S8N0138A,1.07
2002,S8N0138A,1.1
2003,S8N0138A,1.6
2004,S8N0138A,1.82
2005,S8N0138A,1.46
1933,S8N0139A,0.45
1934,S8N0139A,0.42
1935,S8N0139A,0.41
1936,S8N0139A,0.29
1937,S8N0139A,0.27
1938,S8N0139A,0.29
1939,S8N0139A,0.21
1940,S8N0139A,0.22
1941,S8N0139A,0.34
1942,S8N0139A,0.53
1943,S8N0139A,0.29
1944,S8N0139A,0.23
1945,S8N0139A,0.25
1946,S8N0139A,0.17
1947,S8N0139A,0.15
1948,S8N0139A,0.27
1949,S8N0139A,0.12
1950,S8N0139A,0.29
1951,S8N0139A,0.83
1952,S8N0139A,0.92
1953,S8N0139A,0.5
1954,S8N0139A,0.58
1955,S8N0139A,0.53
1956,S8N0139A,0.64
1957,S8N0139A,0.45
1958,S8N0139A,0.28
1959,S8N0139A,0.73
1960,S8N0139A,0.38
1961,S8N0139A,0.23
1962,S8N0139A,0.15
1963,S8N0139A,0.35
1964,S8N0139A,0.5
1965,S8N0139A,0.84
1966,S8N0139A,0.68
1967,S8N0139A,0.96
1968,S8N0139A,0.14
1969,S8N0139A,0.33
1970,S8N0139A,0.54
1971,S8N0139A,0.33
1972,S8N0139A,0.64
1973,S8N0139A,0.53
1974,S8N0139A,0.6
1975,S8N0139A,0.37
1976,S8N0139A,0.94
1977,S8N0139A,0.95
1978,S8N0139A,0.37
1979,S8N0139A,0.84
1980,S8N0139A,0.42
1981,S8N0139A,1.14
1982,S8N0139A,0.99
1983,S8N0139A,1.37
1984,S8N0139A,1.41
1985,S8N0139A,0.77
1986,S8N0139A,0.56
1987,S8N0139A,1.17
1988,S8N0139A,1.03
1989,S8N0139A,1.02
1990,S8N0139A,0.68
1991,S8N0139A,0.68
1992,S8N0139A,0.84
1993,S8N0139A,1.53
1994,S8N0139A,1.01
1995,S8N0139A,0.9
1996,S8N0139A,0.53
1997,S8N0139A,0.58
1998,S8N0139A,0.89
1999,S8N0139A,0.52
2000,S8N0139A,1.34
2001,S8N0139A,0.85
2002,S8N0139A,0.44
2003,S8N0139A,0.84
2004,S8N0139A,0.89
2005,S8N0139A,0.58
1963,S8N0140A,0.68
1964,S8N0140A,0.64
1965,S8N0140A,0.35
1966,S8N0140A,0.61
1967,S8N0140A,1.22
1968,S8N0140A,0.35
1969,S8N0140A,0.77
1970,S8N0140A,0.47
1971,S8N0140A,0.51
1972,S8N0140A,0.97
1973,S8N0140A,0.79
1974,S8N0140A,1.44
1975,S8N0140A,0.47
1976,S8N0140A,1.43
1977,S8N0140A,1.32
1978,S8N0140A,0.47
1979,S8N0140A,0.86
1980,S8N0140A,0.53
1981,S8N0140A,1.11
1982,S8N0140A,1.08
1983,S8N0140A,1.3
1984,S8N0140A,1.36
1985,S8N0140A,0.84
1986,S8N0140A,0.12
1987,S8N0140A,0.88
1988,S8N0140A,0.99
1989,S8N0140A,0.9
1990,S8N0140A,1.07
1991,S8N0140A,0.63
1992,S8N0140A,0.64
1993,S8N0140A,1.27
1994,S8N0140A,0.78
1995,S8N0140A,0.65
1996,S8N0140A,0.56
1997,S8N0140A,0.41
1998,S8N0140A,0.64
1999,S8N0140A,0.51
2000,S8N0140A,0.76
2001,S8N0140A,0.45
2002,S8N0140A,0.38
2003,S8N0140A,0.74
2004,S8N0140A,0.94
2005,S8N0140A,1.01