Year,Plant Code,Increment (mm)
1976-01-01,YUSL01A,0.43
1977-01-01,YUSL01A,0.35
1978-01-01,YUSL01A,0.31
1979-01-01,YUSL01A,0.51
1980-01-01,YUSL01A,0.62
1981-01-01,YUSL01A,0.47
1982-01-01,YUSL01A,0.96
1983-01-01,YUSL01A,0.46
1984-01-01,YUSL01A,0.78
1985-01-01,YUSL01A,0.68
1986-01-01,YUSL01A,0.65
1987-01-01,YUSL01A,0.72
1988-01-01,YUSL01A,0.75
1989-01-01,YUSL01A,1.09
1990-01-01,YUSL01A,0.99
1991-01-01,YUSL01A,0.52
1992-01-01,YUSL01A,0.37
1993-01-01,YUSL01A,0.93
1994-01-01,YUSL01A,0.99
1995-01-01,YUSL01A,1.1
1996-01-01,YUSL01A,1.13
1997-01-01,YUSL01A,0.68
1998-01-01,YUSL01A,0.93
1999-01-01,YUSL01A,0.59
2000-01-01,YUSL01A,1.1
2001-01-01,YUSL01A,0.42
2002-01-01,YUSL01A,0.63
2003-01-01,YUSL01A,0.88
2004-01-01,YUSL01A,0.65
2005-01-01,YUSL01A,0.81
2006-01-01,YUSL01A,0.85
2007-01-01,YUSL01A,0.99
2008-01-01,YUSL01A,0.95
2009-01-01,YUSL01A,0.82
2010-01-01,YUSL01A,0.7
2011-01-01,YUSL01A,1.04
2012-01-01,YUSL01A,1.46
1968-01-01,YUSL02A,0.2
1969-01-01,YUSL02A,0.38
1970-01-01,YUSL02A,0.22
1971-01-01,YUSL02A,0.33
1972-01-01,YUSL02A,0.22
1973-01-01,YUSL02A,0.2
1974-01-01,YUSL02A,0.18
1975-01-01,YUSL02A,0.26
1976-01-01,YUSL02A,0.28
1977-01-01,YUSL02A,0.25
1978-01-01,YUSL02A,0.17
1979-01-01,YUSL02A,0.32
1980-01-01,YUSL02A,0.39
1981-01-01,YUSL02A,0.24
1982-01-01,YUSL02A,0.69
1983-01-01,YUSL02A,0.29
1984-01-01,YUSL02A,0.77
1985-01-01,YUSL02A,0.66
1986-01-01,YUSL02A,0.6
1987-01-01,YUSL02A,0.4
1988-01-01,YUSL02A,0.43
1989-01-01,YUSL02A,0.75
1990-01-01,YUSL02A,0.9
1991-01-01,YUSL02A,1.06
1992-01-01,YUSL02A,0.97
1993-01-01,YUSL02A,2
1994-01-01,YUSL02A,1.37
1995-01-01,YUSL02A,2.02
1996-01-01,YUSL02A,1.7
1997-01-01,YUSL02A,0.96
1998-01-01,YUSL02A,1.7
1999-01-01,YUSL02A,1.24
2000-01-01,YUSL02A,1.89
2001-01-01,YUSL02A,0.97
2002-01-01,YUSL02A,1.14
2003-01-01,YUSL02A,1.19
2004-01-01,YUSL02A,0.84
2005-01-01,YUSL02A,0.99
2006-01-01,YUSL02A,1.13
2007-01-01,YUSL02A,1.18
2008-01-01,YUSL02A,0.94
2009-01-01,YUSL02A,0.8
2010-01-01,YUSL02A,0.62
2011-01-01,YUSL02A,0.93
2012-01-01,YUSL02A,1.39
1959-01-01,YUSL03A,0.68
1960-01-01,YUSL03A,0.9
1961-01-01,YUSL03A,0.76
1962-01-01,YUSL03A,0.93
1963-01-01,YUSL03A,0.65
1964-01-01,YUSL03A,0.51
1965-01-01,YUSL03A,0.6
1966-01-01,YUSL03A,0.66
1967-01-01,YUSL03A,0.45
1968-01-01,YUSL03A,0.11
1969-01-01,YUSL03A,0.48
1970-01-01,YUSL03A,0.3
1971-01-01,YUSL03A,0.26
1972-01-01,YUSL03A,0.38
1973-01-01,YUSL03A,0.43
1974-01-01,YUSL03A,0.42
1975-01-01,YUSL03A,0.33
1976-01-01,YUSL03A,0.6
1977-01-01,YUSL03A,0.57
1978-01-01,YUSL03A,0.21
1979-01-01,YUSL03A,0.34
1980-01-01,YUSL03A,0.34
1981-01-01,YUSL03A,0.49
1982-01-01,YUSL03A,0.62
1983-01-01,YUSL03A,0.43
1984-01-01,YUSL03A,0.44
1985-01-01,YUSL03A,0.45
1986-01-01,YUSL03A,0.59
1987-01-01,YUSL03A,0.69
1988-01-01,YUSL03A,0.48
1989-01-01,YUSL03A,0.75
1990-01-01,YUSL03A,0.62
1991-01-01,YUSL03A,0.34
1992-01-01,YUSL03A,0.39
1993-01-01,YUSL03A,0.92
1994-01-01,YUSL03A,0.73
1995-01-01,YUSL03A,0.56
1996-01-01,YUSL03A,0.53
1997-01-01,YUSL03A,0.46
1998-01-01,YUSL03A,0.78
1999-01-01,YUSL03A,0.42
2000-01-01,YUSL03A,0.44
2001-01-01,YUSL03A,0.22
2002-01-01,YUSL03A,0.37
2003-01-01,YUSL03A,0.31
2004-01-01,YUSL03A,0.43
2005-01-01,YUSL03A,0.5
2006-01-01,YUSL03A,0.68
2007-01-01,YUSL03A,0.45
2008-01-01,YUSL03A,0.37
2009-01-01,YUSL03A,0.34
2010-01-01,YUSL03A,0.22
2011-01-01,YUSL03A,0.58
2012-01-01,YUSL03A,0.84
1959-01-01,YUSL04A,0.18
1960-01-01,YUSL04A,0.55
1961-01-01,YUSL04A,0.46
1962-01-01,YUSL04A,0.88
1963-01-01,YUSL04A,0.46
1964-01-01,YUSL04A,0.63
1965-01-01,YUSL04A,0.39
1966-01-01,YUSL04A,0.44
1967-01-01,YUSL04A,0.93
1968-01-01,YUSL04A,0.04
1969-01-01,YUSL04A,0.38
1970-01-01,YUSL04A,0.42
1971-01-01,YUSL04A,0.21
1972-01-01,YUSL04A,0.25
1973-01-01,YUSL04A,0.39
1974-01-01,YUSL04A,0.52
1975-01-01,YUSL04A,0.55
1976-01-01,YUSL04A,0.85
1977-01-01,YUSL04A,1.12
1978-01-01,YUSL04A,0.32
1979-01-01,YUSL04A,1
1980-01-01,YUSL04A,0.32
1981-01-01,YUSL04A,0.59
1982-01-01,YUSL04A,0.91
1983-01-01,YUSL04A,0.84
1984-01-01,YUSL04A,0.91
1985-01-01,YUSL04A,0.6
1986-01-01,YUSL04A,1.14
1987-01-01,YUSL04A,1
1988-01-01,YUSL04A,0.72
1989-01-01,YUSL04A,1.03
1990-01-01,YUSL04A,1.15
1991-01-01,YUSL04A,1.01
1992-01-01,YUSL04A,0.76
1993-01-01,YUSL04A,1.28
1994-01-01,YUSL04A,0.76
1995-01-01,YUSL04A,1.44
1996-01-01,YUSL04A,0.66
1997-01-01,YUSL04A,0.29
1998-01-01,YUSL04A,0.91
1999-01-01,YUSL04A,0.71
2000-01-01,YUSL04A,0.64
2001-01-01,YUSL04A,0.46
2002-01-01,YUSL04A,0.48
2003-01-01,YUSL04A,0.58
2004-01-01,YUSL04A,0.68
2005-01-01,YUSL04A,0.42
2006-01-01,YUSL04A,0.46
2007-01-01,YUSL04A,0.57
2008-01-01,YUSL04A,0.63
2009-01-01,YUSL04A,0.62
2010-01-01,YUSL04A,0.44
2011-01-01,YUSL04A,0.83
2012-01-01,YUSL04A,0.85
1954-01-01,YUSL05A,0.41
1955-01-01,YUSL05A,0.58
1956-01-01,YUSL05A,0.44
1957-01-01,YUSL05A,0.63
1958-01-01,YUSL05A,0.41
1959-01-01,YUSL05A,0.64
1960-01-01,YUSL05A,0.43
1961-01-01,YUSL05A,0.66
1962-01-01,YUSL05A,0.81
1963-01-01,YUSL05A,0.72
1964-01-01,YUSL05A,0.5
1965-01-01,YUSL05A,0.69
1966-01-01,YUSL05A,0.52
1967-01-01,YUSL05A,0.73
1968-01-01,YUSL05A,0.18
1969-01-01,YUSL05A,0.24
1970-01-01,YUSL05A,0.29
1971-01-01,YUSL05A,0.21
1972-01-01,YUSL05A,0.3
1973-01-01,YUSL05A,0.73
1974-01-01,YUSL05A,0.48
1975-01-01,YUSL05A,0.61
1976-01-01,YUSL05A,1.02
1977-01-01,YUSL05A,1.19
1978-01-01,YUSL05A,0.42
1979-01-01,YUSL05A,1.07
1980-01-01,YUSL05A,0.63
1981-01-01,YUSL05A,0.63
1982-01-01,YUSL05A,1.18
1983-01-01,YUSL05A,0.75
1984-01-01,YUSL05A,1.2
1985-01-01,YUSL05A,0.79
1986-01-01,YUSL05A,1.23
1987-01-01,YUSL05A,1.06
1988-01-01,YUSL05A,1.09
1989-01-01,YUSL05A,1.18
1990-01-01,YUSL05A,1.06
1991-01-01,YUSL05A,0.75
1992-01-01,YUSL05A,0.55
1993-01-01,YUSL05A,0.9
1994-01-01,YUSL05A,0.91
1995-01-01,YUSL05A,0.87
1996-01-01,YUSL05A,0.77
1997-01-01,YUSL05A,0.1
1998-01-01,YUSL05A,0.82
1999-01-01,YUSL05A,0.45
2000-01-01,YUSL05A,0.56
2001-01-01,YUSL05A,0.17
2002-01-01,YUSL05A,0.23
2003-01-01,YUSL05A,0.64
2004-01-01,YUSL05A,0.73
2005-01-01,YUSL05A,0.83
2006-01-01,YUSL05A,0.56
2007-01-01,YUSL05A,0.75
2008-01-01,YUSL05A,0.67
2009-01-01,YUSL05A,0.45
2010-01-01,YUSL05A,0.29
2011-01-01,YUSL05A,0.34
2012-01-01,YUSL05A,0.57
1954-01-01,YUSL06A,0.19
1955-01-01,YUSL06A,0.48
1956-01-01,YUSL06A,0.44
1957-01-01,YUSL06A,0.63
1958-01-01,YUSL06A,0.5
1959-01-01,YUSL06A,0.51
1960-01-01,YUSL06A,0.42
1961-01-01,YUSL06A,0.41
1962-01-01,YUSL06A,0.41
1963-01-01,YUSL06A,0.36
1964-01-01,YUSL06A,0.2
1965-01-01,YUSL06A,0.19
1966-01-01,YUSL06A,0.2
1967-01-01,YUSL06A,0.28
1968-01-01,YUSL06A,0.09
1969-01-01,YUSL06A,0.2
1970-01-01,YUSL06A,0.07
1971-01-01,YUSL06A,0.05
1972-01-01,YUSL06A,0.1
1973-01-01,YUSL06A,0.13
1974-01-01,YUSL06A,0.23
1975-01-01,YUSL06A,0.3
1976-01-01,YUSL06A,0.28
1977-01-01,YUSL06A,0.33
1978-01-01,YUSL06A,0.2
1979-01-01,YUSL06A,0.31
1980-01-01,YUSL06A,0.19
1981-01-01,YUSL06A,0.23
1982-01-01,YUSL06A,0.6
1983-01-01,YUSL06A,0.58
1984-01-01,YUSL06A,0.58
1985-01-01,YUSL06A,0.36
1986-01-01,YUSL06A,0.47
1987-01-01,YUSL06A,0.84
1988-01-01,YUSL06A,0.84
1989-01-01,YUSL06A,1.34
1990-01-01,YUSL06A,1.08
1991-01-01,YUSL06A,0.97
1992-01-01,YUSL06A,0.71
1993-01-01,YUSL06A,1.74
1994-01-01,YUSL06A,1.33
1995-01-01,YUSL06A,0.89
1996-01-01,YUSL06A,0.87
1997-01-01,YUSL06A,0.31
1998-01-01,YUSL06A,0.93
1999-01-01,YUSL06A,0.59
2000-01-01,YUSL06A,1.07
2001-01-01,YUSL06A,0.62
2002-01-01,YUSL06A,0.59
2003-01-01,YUSL06A,1.21
2004-01-01,YUSL06A,1.1
2005-01-01,YUSL06A,1.15
2006-01-01,YUSL06A,0.57
2007-01-01,YUSL06A,0.91
2008-01-01,YUSL06A,0.87
2009-01-01,YUSL06A,0.58
2010-01-01,YUSL06A,0.31
2011-01-01,YUSL06A,0.55
2012-01-01,YUSL06A,1.13
1952-01-01,YUSL07A,0.05
1953-01-01,YUSL07A,0.22
1954-01-01,YUSL07A,0.14
1955-01-01,YUSL07A,0.27
1956-01-01,YUSL07A,0.2
1957-01-01,YUSL07A,0.34
1958-01-01,YUSL07A,0.25
1959-01-01,YUSL07A,0.13
1960-01-01,YUSL07A,0.16
1961-01-01,YUSL07A,0.14
1962-01-01,YUSL07A,0.27
1963-01-01,YUSL07A,0.34
1964-01-01,YUSL07A,0.45
1965-01-01,YUSL07A,0.42
1966-01-01,YUSL07A,0.57
1967-01-01,YUSL07A,0.49
1968-01-01,YUSL07A,0.15
1969-01-01,YUSL07A,0.27
1970-01-01,YUSL07A,0.2
1971-01-01,YUSL07A,0.24
1972-01-01,YUSL07A,0.37
1973-01-01,YUSL07A,0.41
1974-01-01,YUSL07A,0.35
1975-01-01,YUSL07A,0.24
1976-01-01,YUSL07A,0.44
1977-01-01,YUSL07A,0.39
1978-01-01,YUSL07A,0.29
1979-01-01,YUSL07A,0.56
1980-01-01,YUSL07A,0.27
1981-01-01,YUSL07A,0.57
1982-01-01,YUSL07A,0.87
1983-01-01,YUSL07A,0.51
1984-01-01,YUSL07A,0.44
1985-01-01,YUSL07A,0.37
1986-01-01,YUSL07A,0.43
1987-01-01,YUSL07A,0.51
1988-01-01,YUSL07A,0.58
1989-01-01,YUSL07A,0.71
1990-01-01,YUSL07A,0.74
1991-01-01,YUSL07A,0.72
1992-01-01,YUSL07A,0.66
1993-01-01,YUSL07A,0.93
1994-01-01,YUSL07A,1.12
1995-01-01,YUSL07A,1.12
1996-01-01,YUSL07A,0.85
1997-01-01,YUSL07A,0.14
1998-01-01,YUSL07A,0.88
1999-01-01,YUSL07A,0.53
2000-01-01,YUSL07A,0.57
2001-01-01,YUSL07A,0.59
2002-01-01,YUSL07A,0.51
2003-01-01,YUSL07A,0.83
2004-01-01,YUSL07A,0.85
2005-01-01,YUSL07A,0.76
2006-01-01,YUSL07A,0.72
2007-01-01,YUSL07A,0.79
2008-01-01,YUSL07A,0.76
2009-01-01,YUSL07A,0.65
2010-01-01,YUSL07A,0.29
2011-01-01,YUSL07A,0.54
2012-01-01,YUSL07A,0.75
1975-01-01,YUSL08A,0.11
1976-01-01,YUSL08A,0.31
1977-01-01,YUSL08A,0.44
1978-01-01,YUSL08A,0.46
1979-01-01,YUSL08A,0.76
1980-01-01,YUSL08A,0.41
1981-01-01,YUSL08A,0.28
1982-01-01,YUSL08A,0.93
1983-01-01,YUSL08A,0.71
1984-01-01,YUSL08A,0.77
1985-01-01,YUSL08A,0.61
1986-01-01,YUSL08A,0.72
1987-01-01,YUSL08A,1.25
1988-01-01,YUSL08A,1.44
1989-01-01,YUSL08A,1.79
1990-01-01,YUSL08A,1.37
1991-01-01,YUSL08A,1.19
1992-01-01,YUSL08A,1.06
1993-01-01,YUSL08A,1.61
1994-01-01,YUSL08A,1.52
1995-01-01,YUSL08A,1.25
1996-01-01,YUSL08A,1.15
1997-01-01,YUSL08A,0.42
1998-01-01,YUSL08A,1.17
1999-01-01,YUSL08A,0.75
2000-01-01,YUSL08A,1.11
2001-01-01,YUSL08A,0.73
2002-01-01,YUSL08A,0.54
2003-01-01,YUSL08A,1.05
2004-01-01,YUSL08A,1.21
2005-01-01,YUSL08A,0.77
2006-01-01,YUSL08A,0.84
2007-01-01,YUSL08A,1.09
2008-01-01,YUSL08A,1.3
2009-01-01,YUSL08A,1.38
2010-01-01,YUSL08A,0.69
2011-01-01,YUSL08A,1.29
2012-01-01,YUSL08A,2.04
1972-01-01,YUSL09A,0.88
1973-01-01,YUSL09A,0.99
1974-01-01,YUSL09A,0.79
1975-01-01,YUSL09A,0.63
1976-01-01,YUSL09A,0.6
1977-01-01,YUSL09A,0.59
1978-01-01,YUSL09A,0.34
1979-01-01,YUSL09A,0.57
1980-01-01,YUSL09A,0.29
1981-01-01,YUSL09A,0.16
1982-01-01,YUSL09A,0.32
1983-01-01,YUSL09A,0.55
1984-01-01,YUSL09A,0.56
1985-01-01,YUSL09A,0.52
1986-01-01,YUSL09A,0.91
1987-01-01,YUSL09A,1.23
1988-01-01,YUSL09A,1.16
1989-01-01,YUSL09A,1.33
1990-01-01,YUSL09A,1.38
1991-01-01,YUSL09A,0.81
1992-01-01,YUSL09A,0.73
1993-01-01,YUSL09A,1.63
1994-01-01,YUSL09A,1.33
1995-01-01,YUSL09A,1.24
1996-01-01,YUSL09A,0.91
1997-01-01,YUSL09A,0.25
1998-01-01,YUSL09A,1.42
1999-01-01,YUSL09A,0.97
2000-01-01,YUSL09A,1.92
2001-01-01,YUSL09A,0.85
2002-01-01,YUSL09A,0.88
2003-01-01,YUSL09A,1.81
2004-01-01,YUSL09A,1.49
2005-01-01,YUSL09A,1.33
2006-01-01,YUSL09A,1.09
2007-01-01,YUSL09A,1.39
2008-01-01,YUSL09A,1.08
2009-01-01,YUSL09A,0.75
2010-01-01,YUSL09A,0.19
2011-01-01,YUSL09A,0.67
2012-01-01,YUSL09A,1.09
1927-01-01,YUSL10A,0.17
1928-01-01,YUSL10A,0.11
1929-01-01,YUSL10A,0.12
1930-01-01,YUSL10A,0.09
1931-01-01,YUSL10A,0.22
1932-01-01,YUSL10A,0.28
1933-01-01,YUSL10A,0.16
1934-01-01,YUSL10A,0.21
1935-01-01,YUSL10A,0.33
1936-01-01,YUSL10A,0.04
1937-01-01,YUSL10A,0.42
1938-01-01,YUSL10A,0.42
1939-01-01,YUSL10A,0.32
1940-01-01,YUSL10A,0.29
1941-01-01,YUSL10A,0.13
1942-01-01,YUSL10A,0.16
1943-01-01,YUSL10A,0.15
1944-01-01,YUSL10A,0.2
1945-01-01,YUSL10A,0.24
1946-01-01,YUSL10A,0.12
1947-01-01,YUSL10A,0.26
1948-01-01,YUSL10A,0.33
1949-01-01,YUSL10A,0.02
1950-01-01,YUSL10A,0.06
1951-01-01,YUSL10A,0.14
1952-01-01,YUSL10A,0.3
1953-01-01,YUSL10A,0.37
1954-01-01,YUSL10A,0.15
1955-01-01,YUSL10A,0.29
1956-01-01,YUSL10A,0.26
1957-01-01,YUSL10A,0.13
1958-01-01,YUSL10A,0.08
1959-01-01,YUSL10A,0.12
1960-01-01,YUSL10A,0.1
1961-01-01,YUSL10A,0.15
1962-01-01,YUSL10A,0.25
1963-01-01,YUSL10A,0.25
1964-01-01,YUSL10A,0.24
1965-01-01,YUSL10A,0.21
1966-01-01,YUSL10A,0.19
1967-01-01,YUSL10A,0.33
1968-01-01,YUSL10A,0.07
1969-01-01,YUSL10A,0.22
1970-01-01,YUSL10A,0.15
1971-01-01,YUSL10A,0.14
1972-01-01,YUSL10A,0.26
1973-01-01,YUSL10A,0.41
1974-01-01,YUSL10A,0.55
1975-01-01,YUSL10A,0.48
1976-01-01,YUSL10A,0.77
1977-01-01,YUSL10A,0.84
1978-01-01,YUSL10A,0.29
1979-01-01,YUSL10A,0.65
1980-01-01,YUSL10A,0.66
1981-01-01,YUSL10A,0.72
1982-01-01,YUSL10A,1.13
1983-01-01,YUSL10A,0.77
1984-01-01,YUSL10A,0.73
1985-01-01,YUSL10A,0.64
1986-01-01,YUSL10A,0.82
1987-01-01,YUSL10A,0.97
1988-01-01,YUSL10A,1
1989-01-01,YUSL10A,1.07
1990-01-01,YUSL10A,0.92
1991-01-01,YUSL10A,0.86
1992-01-01,YUSL10A,0.63
1993-01-01,YUSL10A,1.07
1994-01-01,YUSL10A,1.32
1995-01-01,YUSL10A,1.17
1996-01-01,YUSL10A,1.09
1997-01-01,YUSL10A,0.12
1998-01-01,YUSL10A,0.66
1999-01-01,YUSL10A,0.34
2000-01-01,YUSL10A,0.94
2001-01-01,YUSL10A,0.23
2002-01-01,YUSL10A,0.29
2003-01-01,YUSL10A,0.4
2004-01-01,YUSL10A,0.49
2005-01-01,YUSL10A,0.47
2006-01-01,YUSL10A,0.52
2007-01-01,YUSL10A,0.63
2008-01-01,YUSL10A,0.46
2009-01-01,YUSL10A,0.5
2010-01-01,YUSL10A,0.38
2011-01-01,YUSL10A,0.48
2012-01-01,YUSL10A,0.72
1957-01-01,YUSL11A,0.33
1958-01-01,YUSL11A,0.3
1959-01-01,YUSL11A,0.37
1960-01-01,YUSL11A,0.4
1961-01-01,YUSL11A,0.69
1962-01-01,YUSL11A,0.97
1963-01-01,YUSL11A,0.79
1964-01-01,YUSL11A,0.49
1965-01-01,YUSL11A,0.48
1966-01-01,YUSL11A,0.27
1967-01-01,YUSL11A,0.32
1968-01-01,YUSL11A,0.16
1969-01-01,YUSL11A,0.39
1970-01-01,YUSL11A,0.48
1971-01-01,YUSL11A,0.34
1972-01-01,YUSL11A,0.45
1973-01-01,YUSL11A,0.56
1974-01-01,YUSL11A,0.4
1975-01-01,YUSL11A,0.33
1976-01-01,YUSL11A,0.42
1977-01-01,YUSL11A,0.42
1978-01-01,YUSL11A,0.3
1979-01-01,YUSL11A,0.52
1980-01-01,YUSL11A,0.4
1981-01-01,YUSL11A,0.72
1982-01-01,YUSL11A,0.8
1983-01-01,YUSL11A,0.85
1984-01-01,YUSL11A,0.74
1985-01-01,YUSL11A,0.9
1986-01-01,YUSL11A,1.2
1987-01-01,YUSL11A,1.24
1988-01-01,YUSL11A,1.12
1989-01-01,YUSL11A,1.37
1990-01-01,YUSL11A,1
1991-01-01,YUSL11A,1.15
1992-01-01,YUSL11A,0.76
1993-01-01,YUSL11A,0.52
1994-01-01,YUSL11A,0.64
1995-01-01,YUSL11A,0.89
1996-01-01,YUSL11A,0.46
1997-01-01,YUSL11A,0.09
1998-01-01,YUSL11A,0.57
1999-01-01,YUSL11A,0.51
2000-01-01,YUSL11A,0.98
2001-01-01,YUSL11A,0.26
2002-01-01,YUSL11A,0.4
2003-01-01,YUSL11A,0.6
2004-01-01,YUSL11A,0.67
2005-01-01,YUSL11A,0.86
2006-01-01,YUSL11A,0.49
2007-01-01,YUSL11A,0.82
2008-01-01,YUSL11A,0.76
2009-01-01,YUSL11A,0.45
2010-01-01,YUSL11A,0.45
2011-01-01,YUSL11A,0.63
2012-01-01,YUSL11A,1.02
1962-01-01,YUSL12A,0.66
1963-01-01,YUSL12A,0.35
1964-01-01,YUSL12A,0.22
1965-01-01,YUSL12A,0.34
1966-01-01,YUSL12A,0.46
1967-01-01,YUSL12A,0.59
1968-01-01,YUSL12A,0.19
1969-01-01,YUSL12A,0.31
1970-01-01,YUSL12A,0.24
1971-01-01,YUSL12A,0.23
1972-01-01,YUSL12A,0.26
1973-01-01,YUSL12A,0.4
1974-01-01,YUSL12A,0.43
1975-01-01,YUSL12A,0.46
1976-01-01,YUSL12A,0.48
1977-01-01,YUSL12A,0.32
1978-01-01,YUSL12A,0.13
1979-01-01,YUSL12A,0.34
1980-01-01,YUSL12A,0.17
1981-01-01,YUSL12A,0.29
1982-01-01,YUSL12A,0.46
1983-01-01,YUSL12A,0.33
1984-01-01,YUSL12A,0.52
1985-01-01,YUSL12A,0.42
1986-01-01,YUSL12A,0.32
1987-01-01,YUSL12A,0.48
1988-01-01,YUSL12A,0.5
1989-01-01,YUSL12A,0.67
1990-01-01,YUSL12A,1.3
1991-01-01,YUSL12A,1.16
1992-01-01,YUSL12A,0.8
1993-01-01,YUSL12A,1.42
1994-01-01,YUSL12A,1
1995-01-01,YUSL12A,1.32
1996-01-01,YUSL12A,0.91
1997-01-01,YUSL12A,0.61
1998-01-01,YUSL12A,1.44
1999-01-01,YUSL12A,0.98
2000-01-01,YUSL12A,2.06
2001-01-01,YUSL12A,1.26
2002-01-01,YUSL12A,1.31
2003-01-01,YUSL12A,1.86
2004-01-01,YUSL12A,1.68
2005-01-01,YUSL12A,1.44
2006-01-01,YUSL12A,1.3
2007-01-01,YUSL12A,1.52
2008-01-01,YUSL12A,1.33
2009-01-01,YUSL12A,0.97
2010-01-01,YUSL12A,0.79
2011-01-01,YUSL12A,1.17
2012-01-01,YUSL12A,1.82
1977-01-01,YUSL13A,0.17
1978-01-01,YUSL13A,0.25
1979-01-01,YUSL13A,0.36
1980-01-01,YUSL13A,0.37
1981-01-01,YUSL13A,0.54
1982-01-01,YUSL13A,0.67
1983-01-01,YUSL13A,0.43
1984-01-01,YUSL13A,0.83
1985-01-01,YUSL13A,0.96
1986-01-01,YUSL13A,0.64
1987-01-01,YUSL13A,0.59
1988-01-01,YUSL13A,0.54
1989-01-01,YUSL13A,0.75
1990-01-01,YUSL13A,1.26
1991-01-01,YUSL13A,1.25
1992-01-01,YUSL13A,1.15
1993-01-01,YUSL13A,1.67
1994-01-01,YUSL13A,0.55
1995-01-01,YUSL13A,1
1996-01-01,YUSL13A,1.55
1997-01-01,YUSL13A,0.68
1998-01-01,YUSL13A,1.27
1999-01-01,YUSL13A,0.92
2000-01-01,YUSL13A,1.65
2001-01-01,YUSL13A,0.95
2002-01-01,YUSL13A,1.26
2003-01-01,YUSL13A,1.7
2004-01-01,YUSL13A,1.56
2005-01-01,YUSL13A,1.28
2006-01-01,YUSL13A,1.31
2007-01-01,YUSL13A,1.59
2008-01-01,YUSL13A,1.47
2009-01-01,YUSL13A,1.38
2010-01-01,YUSL13A,0.79
2011-01-01,YUSL13A,1.16
2012-01-01,YUSL13A,1.41
1952-01-01,YUSL14A,0.23
1953-01-01,YUSL14A,0.32
1954-01-01,YUSL14A,0.22
1955-01-01,YUSL14A,0.14
1956-01-01,YUSL14A,0.27
1957-01-01,YUSL14A,0.14
1958-01-01,YUSL14A,0.21
1959-01-01,YUSL14A,0.24
1960-01-01,YUSL14A,0.24
1961-01-01,YUSL14A,0.27
1962-01-01,YUSL14A,0.27
1963-01-01,YUSL14A,0.18
1964-01-01,YUSL14A,0.14
1965-01-01,YUSL14A,0.17
1966-01-01,YUSL14A,0.18
1967-01-01,YUSL14A,0.3
1968-01-01,YUSL14A,0.04
1969-01-01,YUSL14A,0.27
1970-01-01,YUSL14A,0.28
1971-01-01,YUSL14A,0.17
1972-01-01,YUSL14A,0.14
1973-01-01,YUSL14A,0.09
1974-01-01,YUSL14A,0.19
1975-01-01,YUSL14A,0.12
1976-01-01,YUSL14A,0.29
1977-01-01,YUSL14A,0.29
1978-01-01,YUSL14A,0.18
1979-01-01,YUSL14A,0.39
1980-01-01,YUSL14A,0.24
1981-01-01,YUSL14A,0.3
1982-01-01,YUSL14A,0.54
1983-01-01,YUSL14A,0.43
1984-01-01,YUSL14A,0.85
1985-01-01,YUSL14A,1.07
1986-01-01,YUSL14A,1.09
1987-01-01,YUSL14A,1.24
1988-01-01,YUSL14A,1.24
1989-01-01,YUSL14A,1.62
1990-01-01,YUSL14A,0.91
1991-01-01,YUSL14A,1.01
1992-01-01,YUSL14A,0.75
1993-01-01,YUSL14A,1.07
1994-01-01,YUSL14A,1.33
1995-01-01,YUSL14A,1
1996-01-01,YUSL14A,0.73
1997-01-01,YUSL14A,0.28
1998-01-01,YUSL14A,1.03
1999-01-01,YUSL14A,0.62
2000-01-01,YUSL14A,0.93
2001-01-01,YUSL14A,0.43
2002-01-01,YUSL14A,0.29
2003-01-01,YUSL14A,0.57
2004-01-01,YUSL14A,1
2005-01-01,YUSL14A,0.85
2006-01-01,YUSL14A,0.61
2007-01-01,YUSL14A,0.84
2008-01-01,YUSL14A,1
2009-01-01,YUSL14A,0.74
2010-01-01,YUSL14A,0.25
2011-01-01,YUSL14A,0.36
2012-01-01,YUSL14A,1.02
1960-01-01,YUSL15A,0.22
1961-01-01,YUSL15A,0.52
1962-01-01,YUSL15A,0.36
1963-01-01,YUSL15A,0.24
1964-01-01,YUSL15A,0.2
1965-01-01,YUSL15A,0.24
1966-01-01,YUSL15A,0.23
1967-01-01,YUSL15A,0.28
1968-01-01,YUSL15A,0.1
1969-01-01,YUSL15A,0.36
1970-01-01,YUSL15A,0.24
1971-01-01,YUSL15A,0.15
1972-01-01,YUSL15A,0.27
1973-01-01,YUSL15A,0.26
1974-01-01,YUSL15A,0.22
1975-01-01,YUSL15A,0.19
1976-01-01,YUSL15A,0.21
1977-01-01,YUSL15A,0.23
1978-01-01,YUSL15A,0.27
1979-01-01,YUSL15A,0.31
1980-01-01,YUSL15A,0.22
1981-01-01,YUSL15A,0.24
1982-01-01,YUSL15A,0.46
1983-01-01,YUSL15A,0.46
1984-01-01,YUSL15A,0.49
1985-01-01,YUSL15A,0.51
1986-01-01,YUSL15A,0.53
1987-01-01,YUSL15A,0.75
1988-01-01,YUSL15A,0.6
1989-01-01,YUSL15A,1.08
1990-01-01,YUSL15A,1.01
1991-01-01,YUSL15A,0.92
1992-01-01,YUSL15A,0.75
1993-01-01,YUSL15A,1.12
1994-01-01,YUSL15A,1.06
1995-01-01,YUSL15A,1.14
1996-01-01,YUSL15A,0.72
1997-01-01,YUSL15A,0.44
1998-01-01,YUSL15A,1.08
1999-01-01,YUSL15A,0.98
2000-01-01,YUSL15A,1.24
2001-01-01,YUSL15A,0.63
2002-01-01,YUSL15A,0.99
2003-01-01,YUSL15A,1.45
2004-01-01,YUSL15A,1.53
2005-01-01,YUSL15A,1.27
2006-01-01,YUSL15A,0.91
2007-01-01,YUSL15A,1.33
2008-01-01,YUSL15A,1.53
2009-01-01,YUSL15A,1.68
2010-01-01,YUSL15A,1.03
2011-01-01,YUSL15A,1.52
2012-01-01,YUSL15A,1.87
1934-01-01,YUSL16A,0.33
1935-01-01,YUSL16A,0.59
1936-01-01,YUSL16A,0.57
1937-01-01,YUSL16A,0.86
1938-01-01,YUSL16A,0.88
1939-01-01,YUSL16A,1.04
1940-01-01,YUSL16A,0.68
1941-01-01,YUSL16A,0.56
1942-01-01,YUSL16A,0.57
1943-01-01,YUSL16A,0.59
1944-01-01,YUSL16A,0.54
1945-01-01,YUSL16A,0.66
1946-01-01,YUSL16A,0.41
1947-01-01,YUSL16A,0.41
1948-01-01,YUSL16A,0.65
1949-01-01,YUSL16A,0.21
1950-01-01,YUSL16A,0.59
1951-01-01,YUSL16A,0.47
1952-01-01,YUSL16A,0.81
1953-01-01,YUSL16A,0.74
1954-01-01,YUSL16A,0.61
1955-01-01,YUSL16A,0.72
1956-01-01,YUSL16A,0.67
1957-01-01,YUSL16A,0.51
1958-01-01,YUSL16A,0.55
1959-01-01,YUSL16A,0.62
1960-01-01,YUSL16A,0.44
1961-01-01,YUSL16A,0.54
1962-01-01,YUSL16A,0.61
1963-01-01,YUSL16A,0.5
1964-01-01,YUSL16A,0.52
1965-01-01,YUSL16A,0.57
1966-01-01,YUSL16A,0.44
1967-01-01,YUSL16A,0.5
1968-01-01,YUSL16A,0.14
1969-01-01,YUSL16A,0.64
1970-01-01,YUSL16A,0.32
1971-01-01,YUSL16A,0.46
1972-01-01,YUSL16A,0.7
1973-01-01,YUSL16A,0.52
1974-01-01,YUSL16A,0.61
1975-01-01,YUSL16A,0.42
1976-01-01,YUSL16A,0.71
1977-01-01,YUSL16A,0.7
1978-01-01,YUSL16A,0.47
1979-01-01,YUSL16A,0.52
1980-01-01,YUSL16A,0.37
1981-01-01,YUSL16A,0.63
1982-01-01,YUSL16A,0.85
1983-01-01,YUSL16A,0.76
1984-01-01,YUSL16A,0.88
1985-01-01,YUSL16A,0.54
1986-01-01,YUSL16A,0.39
1987-01-01,YUSL16A,0.5
1988-01-01,YUSL16A,0.59
1989-01-01,YUSL16A,0.78
1990-01-01,YUSL16A,0.7
1991-01-01,YUSL16A,0.59
1992-01-01,YUSL16A,0.34
1993-01-01,YUSL16A,0.63
1994-01-01,YUSL16A,0.65
1995-01-01,YUSL16A,0.94
1996-01-01,YUSL16A,0.62
1997-01-01,YUSL16A,0.08
1998-01-01,YUSL16A,0.56
1999-01-01,YUSL16A,0.28
2000-01-01,YUSL16A,0.65
2001-01-01,YUSL16A,0.22
2002-01-01,YUSL16A,0.19
2003-01-01,YUSL16A,0.53
2004-01-01,YUSL16A,0.57
2005-01-01,YUSL16A,0.35
2006-01-01,YUSL16A,0.26
2007-01-01,YUSL16A,0.4
2008-01-01,YUSL16A,0.22
2009-01-01,YUSL16A,0.23
1955-01-01,YUSL17A,0.42
1956-01-01,YUSL17A,0.5
1957-01-01,YUSL17A,0.59
1958-01-01,YUSL17A,0.54
1959-01-01,YUSL17A,0.81
1960-01-01,YUSL17A,0.41
1961-01-01,YUSL17A,0.46
1962-01-01,YUSL17A,0.55
1963-01-01,YUSL17A,0.5
1964-01-01,YUSL17A,0.3
1965-01-01,YUSL17A,0.37
1966-01-01,YUSL17A,0.3
1967-01-01,YUSL17A,0.72
1968-01-01,YUSL17A,0.35
1969-01-01,YUSL17A,0.61
1970-01-01,YUSL17A,0.16
1971-01-01,YUSL17A,0.13
1972-01-01,YUSL17A,0.5
1973-01-01,YUSL17A,0.55
1974-01-01,YUSL17A,0.58
1975-01-01,YUSL17A,0.43
1976-01-01,YUSL17A,0.72
1977-01-01,YUSL17A,0.59
1978-01-01,YUSL17A,0.44
1979-01-01,YUSL17A,0.63
1980-01-01,YUSL17A,0.3
1981-01-01,YUSL17A,0.83
1982-01-01,YUSL17A,0.87
1983-01-01,YUSL17A,0.73
1984-01-01,YUSL17A,0.64
1985-01-01,YUSL17A,0.62
1986-01-01,YUSL17A,0.55
1987-01-01,YUSL17A,0.72
1988-01-01,YUSL17A,0.6
1989-01-01,YUSL17A,0.74
1990-01-01,YUSL17A,0.9
1991-01-01,YUSL17A,0.42
1992-01-01,YUSL17A,0.43
1993-01-01,YUSL17A,0.89
1994-01-01,YUSL17A,0.58
1995-01-01,YUSL17A,0.53
1996-01-01,YUSL17A,0.39
1997-01-01,YUSL17A,0
1998-01-01,YUSL17A,0.39
1999-01-01,YUSL17A,0.41
2000-01-01,YUSL17A,0.6
2001-01-01,YUSL17A,0.38
2002-01-01,YUSL17A,0.43
2003-01-01,YUSL17A,0.57
2004-01-01,YUSL17A,0.71
2005-01-01,YUSL17A,0.68
2006-01-01,YUSL17A,0.69
2007-01-01,YUSL17A,0.66
2008-01-01,YUSL17A,0.62
2009-01-01,YUSL17A,0.41
2010-01-01,YUSL17A,0.14
2011-01-01,YUSL17A,0.31
2012-01-01,YUSL17A,0.71
1915-01-01,YUSL18A,0.2
1916-01-01,YUSL18A,0.14
1917-01-01,YUSL18A,0.18
1918-01-01,YUSL18A,0.34
1919-01-01,YUSL18A,0.27
1920-01-01,YUSL18A,0.24
1921-01-01,YUSL18A,0.54
1922-01-01,YUSL18A,0.37
1923-01-01,YUSL18A,0.44
1924-01-01,YUSL18A,0.65
1925-01-01,YUSL18A,0.37
1926-01-01,YUSL18A,0.71
1927-01-01,YUSL18A,0.66
1928-01-01,YUSL18A,0.56
1929-01-01,YUSL18A,0.41
1930-01-01,YUSL18A,0.43
1931-01-01,YUSL18A,0.51
1932-01-01,YUSL18A,0.31
1933-01-01,YUSL18A,0.71
1934-01-01,YUSL18A,0.3
1935-01-01,YUSL18A,0.52
1936-01-01,YUSL18A,0.41
1937-01-01,YUSL18A,0.46
1938-01-01,YUSL18A,0.68
1939-01-01,YUSL18A,0.78
1940-01-01,YUSL18A,0.54
1941-01-01,YUSL18A,0.44
1942-01-01,YUSL18A,0.7
1943-01-01,YUSL18A,0.73
1944-01-01,YUSL18A,0.65
1945-01-01,YUSL18A,0.82
1946-01-01,YUSL18A,0.39
1947-01-01,YUSL18A,0.52
1948-01-01,YUSL18A,0.51
1949-01-01,YUSL18A,0.12
1950-01-01,YUSL18A,0.43
1951-01-01,YUSL18A,0.48
1952-01-01,YUSL18A,0.63
1953-01-01,YUSL18A,0.59
1954-01-01,YUSL18A,0.51
1955-01-01,YUSL18A,0.43
1956-01-01,YUSL18A,0.46
1957-01-01,YUSL18A,0.23
1958-01-01,YUSL18A,0.24
1959-01-01,YUSL18A,0.49
1960-01-01,YUSL18A,0.28
1961-01-01,YUSL18A,0.45
1962-01-01,YUSL18A,0.48
1963-01-01,YUSL18A,0.48
1964-01-01,YUSL18A,0.39
1965-01-01,YUSL18A,0.66
1966-01-01,YUSL18A,0.37
1967-01-01,YUSL18A,0.65
1968-01-01,YUSL18A,0.15
1969-01-01,YUSL18A,0.83
1970-01-01,YUSL18A,0.38
1971-01-01,YUSL18A,0.52
1972-01-01,YUSL18A,0.74
1973-01-01,YUSL18A,0.91
1974-01-01,YUSL18A,0.92
1975-01-01,YUSL18A,0.74
1976-01-01,YUSL18A,0.81
1977-01-01,YUSL18A,0.63
1978-01-01,YUSL18A,0.5
1979-01-01,YUSL18A,0.32
1980-01-01,YUSL18A,0.09
1981-01-01,YUSL18A,0.68
1982-01-01,YUSL18A,0.66
1983-01-01,YUSL18A,0.57
1984-01-01,YUSL18A,0.73
1985-01-01,YUSL18A,0.56
1986-01-01,YUSL18A,0.49
1987-01-01,YUSL18A,0.39
1988-01-01,YUSL18A,0.49
1989-01-01,YUSL18A,0.65
1990-01-01,YUSL18A,0.76
1991-01-01,YUSL18A,0.59
1992-01-01,YUSL18A,0.27
1993-01-01,YUSL18A,0.59
1994-01-01,YUSL18A,0.49
1995-01-01,YUSL18A,0.18
1996-01-01,YUSL18A,0.23
1997-01-01,YUSL18A,0
1998-01-01,YUSL18A,0.34
1999-01-01,YUSL18A,0.15
2000-01-01,YUSL18A,0.34
2001-01-01,YUSL18A,0.31
2002-01-01,YUSL18A,0.18
2003-01-01,YUSL18A,0.32
2004-01-01,YUSL18A,0.59
2005-01-01,YUSL18A,0.44
2006-01-01,YUSL18A,0.32
2007-01-01,YUSL18A,0.45
2008-01-01,YUSL18A,0.32
2009-01-01,YUSL18A,0.38
2010-01-01,YUSL18A,0.07
2011-01-01,YUSL18A,0.13
2012-01-01,YUSL18A,0.64
1960-01-01,YUSL19A,0.2
1961-01-01,YUSL19A,1.32
1962-01-01,YUSL19A,0.81
1963-01-01,YUSL19A,0.78
1964-01-01,YUSL19A,0.28
1965-01-01,YUSL19A,0.56
1966-01-01,YUSL19A,0.68
1967-01-01,YUSL19A,0.9
1968-01-01,YUSL19A,0.55
1969-01-01,YUSL19A,1
1970-01-01,YUSL19A,0.78
1971-01-01,YUSL19A,0.5
1972-01-01,YUSL19A,0.59
1973-01-01,YUSL19A,0.64
1974-01-01,YUSL19A,0.73
1975-01-01,YUSL19A,0.62
1976-01-01,YUSL19A,0.78
1977-01-01,YUSL19A,0.69
1978-01-01,YUSL19A,0.52
1979-01-01,YUSL19A,0.75
1980-01-01,YUSL19A,0.49
1981-01-01,YUSL19A,0.83
1982-01-01,YUSL19A,0.87
1983-01-01,YUSL19A,0.83
1984-01-01,YUSL19A,0.83
1985-01-01,YUSL19A,0.78
1986-01-01,YUSL19A,0.76
1987-01-01,YUSL19A,0.61
1988-01-01,YUSL19A,0.9
1989-01-01,YUSL19A,0.85
1990-01-01,YUSL19A,0.92
1991-01-01,YUSL19A,0.72
1992-01-01,YUSL19A,0.49
1993-01-01,YUSL19A,0.88
1994-01-01,YUSL19A,0.66
1995-01-01,YUSL19A,0.57
1996-01-01,YUSL19A,0.49
1997-01-01,YUSL19A,0
1998-01-01,YUSL19A,0.83
1999-01-01,YUSL19A,0.56
2000-01-01,YUSL19A,0.85
2001-01-01,YUSL19A,0.48
2002-01-01,YUSL19A,0.58
2003-01-01,YUSL19A,0.71
2004-01-01,YUSL19A,0.85
2005-01-01,YUSL19A,0.66
2006-01-01,YUSL19A,0.58
2007-01-01,YUSL19A,0.6
2008-01-01,YUSL19A,0.71
2009-01-01,YUSL19A,0.61
2010-01-01,YUSL19A,0.35
2011-01-01,YUSL19A,0.63
2012-01-01,YUSL19A,1.01
1944-01-01,YUSL20A,0.07
1945-01-01,YUSL20A,0.47
1946-01-01,YUSL20A,0.28
1947-01-01,YUSL20A,0.3
1948-01-01,YUSL20A,0.57
1949-01-01,YUSL20A,0.22
1950-01-01,YUSL20A,0.51
1951-01-01,YUSL20A,0.88
1952-01-01,YUSL20A,0.96
1953-01-01,YUSL20A,0.62
1954-01-01,YUSL20A,0.63
1955-01-01,YUSL20A,0.57
1956-01-01,YUSL20A,0.63
1957-01-01,YUSL20A,0.3
1958-01-01,YUSL20A,0.25
1959-01-01,YUSL20A,0.35
1960-01-01,YUSL20A,0.43
1961-01-01,YUSL20A,1.04
1962-01-01,YUSL20A,1.43
1963-01-01,YUSL20A,0.81
1964-01-01,YUSL20A,1.05
1965-01-01,YUSL20A,1
1966-01-01,YUSL20A,0.91
1967-01-01,YUSL20A,1.19
1968-01-01,YUSL20A,0.27
1969-01-01,YUSL20A,0.79
1970-01-01,YUSL20A,0.83
1971-01-01,YUSL20A,0.36
1972-01-01,YUSL20A,0.72
1973-01-01,YUSL20A,1.04
1974-01-01,YUSL20A,0.75
1975-01-01,YUSL20A,0.63
1976-01-01,YUSL20A,1.06
1977-01-01,YUSL20A,0.98
1978-01-01,YUSL20A,0.58
1979-01-01,YUSL20A,1.07
1980-01-01,YUSL20A,0.54
1981-01-01,YUSL20A,0.94
1982-01-01,YUSL20A,1.01
1983-01-01,YUSL20A,0.9
1984-01-01,YUSL20A,1.14
1985-01-01,YUSL20A,0.69
1986-01-01,YUSL20A,0.77
1987-01-01,YUSL20A,0.87
1988-01-01,YUSL20A,0.99
1989-01-01,YUSL20A,0.9
1990-01-01,YUSL20A,0.77
1991-01-01,YUSL20A,0.72
1992-01-01,YUSL20A,0.42
1993-01-01,YUSL20A,1.17
1994-01-01,YUSL20A,1.1
1995-01-01,YUSL20A,0.9
1996-01-01,YUSL20A,0.59
1997-01-01,YUSL20A,0.11
1998-01-01,YUSL20A,0.95
1999-01-01,YUSL20A,0.63
2000-01-01,YUSL20A,1.14
2001-01-01,YUSL20A,0.57
2002-01-01,YUSL20A,0.38
2003-01-01,YUSL20A,0.89
2004-01-01,YUSL20A,1.15
2005-01-01,YUSL20A,0.79
2006-01-01,YUSL20A,0.55
2007-01-01,YUSL20A,0.61
2008-01-01,YUSL20A,0.59
2009-01-01,YUSL20A,0.52
2010-01-01,YUSL20A,0.17
2011-01-01,YUSL20A,0.58
2012-01-01,YUSL20A,0.73
1942-01-01,YUSL21A,0.55
1943-01-01,YUSL21A,0.58
1944-01-01,YUSL21A,0.4
1945-01-01,YUSL21A,0.69
1946-01-01,YUSL21A,0.38
1947-01-01,YUSL21A,0.52
1948-01-01,YUSL21A,0.63
1949-01-01,YUSL21A,0.28
1950-01-01,YUSL21A,0.42
1951-01-01,YUSL21A,0.63
1952-01-01,YUSL21A,0.67
1953-01-01,YUSL21A,0.54
1954-01-01,YUSL21A,0.38
1955-01-01,YUSL21A,0.36
1956-01-01,YUSL21A,0.4
1957-01-01,YUSL21A,0.21
1958-01-01,YUSL21A,0.26
1959-01-01,YUSL21A,0.19
1960-01-01,YUSL21A,0.21
1961-01-01,YUSL21A,0.31
1962-01-01,YUSL21A,0.31
1963-01-01,YUSL21A,0.39
1964-01-01,YUSL21A,0.35
1965-01-01,YUSL21A,0.44
1966-01-01,YUSL21A,0.15
1967-01-01,YUSL21A,0.35
1968-01-01,YUSL21A,0.07
1969-01-01,YUSL21A,0.37
1970-01-01,YUSL21A,0.13
1971-01-01,YUSL21A,0
1972-01-01,YUSL21A,0.22
1973-01-01,YUSL21A,0.2
1974-01-01,YUSL21A,0.45
1975-01-01,YUSL21A,0.13
1976-01-01,YUSL21A,0.45
1977-01-01,YUSL21A,0.54
1978-01-01,YUSL21A,0.31
1979-01-01,YUSL21A,0.42
1980-01-01,YUSL21A,0.2
1981-01-01,YUSL21A,0.63
1982-01-01,YUSL21A,1.05
1983-01-01,YUSL21A,0.68
1984-01-01,YUSL21A,0.76
1985-01-01,YUSL21A,0.52
1986-01-01,YUSL21A,0.54
1987-01-01,YUSL21A,0.62
1988-01-01,YUSL21A,0.69
1989-01-01,YUSL21A,0.86
1990-01-01,YUSL21A,0.73
1991-01-01,YUSL21A,0.5
1992-01-01,YUSL21A,0.58
1993-01-01,YUSL21A,1.04
1994-01-01,YUSL21A,0.88
1995-01-01,YUSL21A,0.62
1996-01-01,YUSL21A,0.74
1997-01-01,YUSL21A,0.02
1998-01-01,YUSL21A,0.7
1999-01-01,YUSL21A,0.24
2000-01-01,YUSL21A,0.74
2001-01-01,YUSL21A,0.46
2002-01-01,YUSL21A,0.48
2003-01-01,YUSL21A,0.62
2004-01-01,YUSL21A,0.85
2005-01-01,YUSL21A,0.96
2006-01-01,YUSL21A,1.03
2007-01-01,YUSL21A,1.04
2008-01-01,YUSL21A,0.96
2009-01-01,YUSL21A,0.71
2010-01-01,YUSL21A,0.37
2011-01-01,YUSL21A,0.48
2012-01-01,YUSL21A,1.1
1955-01-01,YUSL22A,0.17
1956-01-01,YUSL22A,0.46
1957-01-01,YUSL22A,0.38
1958-01-01,YUSL22A,0.41
1959-01-01,YUSL22A,0.53
1960-01-01,YUSL22A,0.46
1961-01-01,YUSL22A,0.49
1962-01-01,YUSL22A,0.65
1963-01-01,YUSL22A,0.63
1964-01-01,YUSL22A,0.57
1965-01-01,YUSL22A,0.43
1966-01-01,YUSL22A,0.42
1967-01-01,YUSL22A,0.78
1968-01-01,YUSL22A,0.23
1969-01-01,YUSL22A,0.69
1970-01-01,YUSL22A,0.56
1971-01-01,YUSL22A,0.55
1972-01-01,YUSL22A,0.77
1973-01-01,YUSL22A,0.62
1974-01-01,YUSL22A,0.48
1975-01-01,YUSL22A,0.38
1976-01-01,YUSL22A,0.53
1977-01-01,YUSL22A,0.45
1978-01-01,YUSL22A,0.38
1979-01-01,YUSL22A,0.46
1980-01-01,YUSL22A,0.2
1981-01-01,YUSL22A,0.48
1982-01-01,YUSL22A,0.7
1983-01-01,YUSL22A,0.51
1984-01-01,YUSL22A,0.75
1985-01-01,YUSL22A,0.53
1986-01-01,YUSL22A,0.35
1987-01-01,YUSL22A,0.51
1988-01-01,YUSL22A,0.62
1989-01-01,YUSL22A,0.59
1990-01-01,YUSL22A,0.55
1991-01-01,YUSL22A,0.83
1992-01-01,YUSL22A,0.57
1993-01-01,YUSL22A,0.96
1994-01-01,YUSL22A,0.72
1995-01-01,YUSL22A,0.47
1996-01-01,YUSL22A,0.64
1997-01-01,YUSL22A,0.19
1998-01-01,YUSL22A,0.83
1999-01-01,YUSL22A,0.58
2000-01-01,YUSL22A,0.79
2001-01-01,YUSL22A,0.57
2002-01-01,YUSL22A,0.76
2003-01-01,YUSL22A,0.99
2004-01-01,YUSL22A,0.94
2005-01-01,YUSL22A,1.05
2006-01-01,YUSL22A,1.1
2007-01-01,YUSL22A,1.22
2008-01-01,YUSL22A,0.95
2009-01-01,YUSL22A,0.64
2010-01-01,YUSL22A,0.43
2011-01-01,YUSL22A,1.16
2012-01-01,YUSL22A,1.59
1963-01-01,YUSL23A,0.12
1964-01-01,YUSL23A,0.59
1965-01-01,YUSL23A,0.54
1966-01-01,YUSL23A,0.48
1967-01-01,YUSL23A,0.65
1968-01-01,YUSL23A,0.4
1969-01-01,YUSL23A,0.44
1970-01-01,YUSL23A,0.38
1971-01-01,YUSL23A,0.28
1972-01-01,YUSL23A,0.48
1973-01-01,YUSL23A,0.55
1974-01-01,YUSL23A,0.51
1975-01-01,YUSL23A,0.44
1976-01-01,YUSL23A,0.7
1977-01-01,YUSL23A,0.71
1978-01-01,YUSL23A,0.62
1979-01-01,YUSL23A,0.85
1980-01-01,YUSL23A,0.52
1981-01-01,YUSL23A,0.73
1982-01-01,YUSL23A,1.14
1983-01-01,YUSL23A,0.72
1984-01-01,YUSL23A,0.9
1985-01-01,YUSL23A,0.53
1986-01-01,YUSL23A,0.45
1987-01-01,YUSL23A,0.57
1988-01-01,YUSL23A,0.44
1989-01-01,YUSL23A,0.42
1990-01-01,YUSL23A,0.67
1991-01-01,YUSL23A,0.57
1992-01-01,YUSL23A,0.46
1993-01-01,YUSL23A,0.92
1994-01-01,YUSL23A,0.67
1995-01-01,YUSL23A,0.61
1996-01-01,YUSL23A,0.71
1997-01-01,YUSL23A,0.21
1998-01-01,YUSL23A,0.87
1999-01-01,YUSL23A,0.38
2000-01-01,YUSL23A,0.35
2001-01-01,YUSL23A,0.45
2002-01-01,YUSL23A,0.57
2003-01-01,YUSL23A,0.63
2004-01-01,YUSL23A,0.75
2005-01-01,YUSL23A,0.32
2006-01-01,YUSL23A,0.62
2007-01-01,YUSL23A,0.73
2008-01-01,YUSL23A,0.49
2009-01-01,YUSL23A,0.42
2010-01-01,YUSL23A,0.24
2011-01-01,YUSL23A,0.76
2012-01-01,YUSL23A,0.78
1955-01-01,YUSL24B,0.25
1956-01-01,YUSL24B,0.59
1957-01-01,YUSL24B,0.65
1958-01-01,YUSL24B,0.46
1959-01-01,YUSL24B,0.84
1960-01-01,YUSL24B,0.67
1961-01-01,YUSL24B,0.93
1962-01-01,YUSL24B,1.1
1963-01-01,YUSL24B,0.69
1964-01-01,YUSL24B,0.77
1965-01-01,YUSL24B,0.84
1966-01-01,YUSL24B,0.7
1967-01-01,YUSL24B,0.95
1968-01-01,YUSL24B,0.09
1969-01-01,YUSL24B,0.53
1970-01-01,YUSL24B,0.38
1971-01-01,YUSL24B,0.26
1972-01-01,YUSL24B,0.46
1973-01-01,YUSL24B,0.47
1974-01-01,YUSL24B,0.65
1975-01-01,YUSL24B,0.37
1976-01-01,YUSL24B,0.97
1977-01-01,YUSL24B,0.76
1978-01-01,YUSL24B,0.55
1979-01-01,YUSL24B,1.03
1980-01-01,YUSL24B,0.46
1981-01-01,YUSL24B,0.92
1982-01-01,YUSL24B,1.48
1983-01-01,YUSL24B,0.9
1984-01-01,YUSL24B,1.11
1985-01-01,YUSL24B,0.92
1986-01-01,YUSL24B,0.68
1987-01-01,YUSL24B,0.94
1988-01-01,YUSL24B,0.94
1989-01-01,YUSL24B,1.21
1990-01-01,YUSL24B,1.43
1991-01-01,YUSL24B,1.08
1992-01-01,YUSL24B,0.66
1993-01-01,YUSL24B,1.17
1994-01-01,YUSL24B,0.99
1995-01-01,YUSL24B,0.59
1996-01-01,YUSL24B,0.57
1997-01-01,YUSL24B,0.09
1998-01-01,YUSL24B,0.68
1999-01-01,YUSL24B,0.42
2000-01-01,YUSL24B,0.67
2001-01-01,YUSL24B,0.48
2002-01-01,YUSL24B,0.44
2003-01-01,YUSL24B,0.7
2004-01-01,YUSL24B,0.87
2005-01-01,YUSL24B,0.89
2006-01-01,YUSL24B,0.72
2007-01-01,YUSL24B,0.7
2008-01-01,YUSL24B,0.45
2009-01-01,YUSL24B,0.38
2010-01-01,YUSL24B,0.13
2011-01-01,YUSL24B,0.21
2012-01-01,YUSL24B,0.85
1956-01-01,YUSL25AB,0.34
1957-01-01,YUSL25AB,0.52
1958-01-01,YUSL25AB,0.15
1959-01-01,YUSL25AB,0.23
1960-01-01,YUSL25AB,0.34
1961-01-01,YUSL25AB,0.44
1962-01-01,YUSL25AB,0.44
1963-01-01,YUSL25AB,0.45
1964-01-01,YUSL25AB,0.39
1965-01-01,YUSL25AB,0.53
1966-01-01,YUSL25AB,0.52
1967-01-01,YUSL25AB,0.68
1968-01-01,YUSL25AB,0.18
1969-01-01,YUSL25AB,0.61
1970-01-01,YUSL25AB,0.44
1971-01-01,YUSL25AB,0.35
1972-01-01,YUSL25AB,0.29
1973-01-01,YUSL25AB,0.31
1974-01-01,YUSL25AB,0.33
1975-01-01,YUSL25AB,0.12
1976-01-01,YUSL25AB,0.31
1977-01-01,YUSL25AB,0.33
1978-01-01,YUSL25AB,0.32
1979-01-01,YUSL25AB,0.46
1980-01-01,YUSL25AB,0.3
1981-01-01,YUSL25AB,0.37
1982-01-01,YUSL25AB,0.6
1983-01-01,YUSL25AB,0.6
1984-01-01,YUSL25AB,0.43
1985-01-01,YUSL25AB,0.35
1986-01-01,YUSL25AB,0.54
1987-01-01,YUSL25AB,0.61
1988-01-01,YUSL25AB,0.59
1989-01-01,YUSL25AB,1.07
1990-01-01,YUSL25AB,1.28
1991-01-01,YUSL25AB,1.13
1992-01-01,YUSL25AB,0.79
1993-01-01,YUSL25AB,1.66
1994-01-01,YUSL25AB,1.49
1995-01-01,YUSL25AB,1.51
1996-01-01,YUSL25AB,1.16
1997-01-01,YUSL25AB,0.43
1998-01-01,YUSL25AB,1.61
1999-01-01,YUSL25AB,0.83
2000-01-01,YUSL25AB,1.88
2001-01-01,YUSL25AB,1.23
2002-01-01,YUSL25AB,1.36
2003-01-01,YUSL25AB,1.41
2004-01-01,YUSL25AB,1.2
2005-01-01,YUSL25AB,1.19
2006-01-01,YUSL25AB,1.22
2007-01-01,YUSL25AB,1.28
2008-01-01,YUSL25AB,1.11
2009-01-01,YUSL25AB,0.93
2010-01-01,YUSL25AB,0.49
2011-01-01,YUSL25AB,0.91
2012-01-01,YUSL25AB,1.16
1958-01-01,YUSL26A,0.14
1959-01-01,YUSL26A,0.34
1960-01-01,YUSL26A,0.28
1961-01-01,YUSL26A,0.33
1962-01-01,YUSL26A,0.36
1963-01-01,YUSL26A,0.43
1964-01-01,YUSL26A,0.37
1965-01-01,YUSL26A,0.47
1966-01-01,YUSL26A,0.3
1967-01-01,YUSL26A,0.43
1968-01-01,YUSL26A,0.2
1969-01-01,YUSL26A,0.56
1970-01-01,YUSL26A,0.44
1971-01-01,YUSL26A,0.28
1972-01-01,YUSL26A,0.53
1973-01-01,YUSL26A,0.16
1974-01-01,YUSL26A,0.35
1975-01-01,YUSL26A,0.33
1976-01-01,YUSL26A,0.52
1977-01-01,YUSL26A,0.49
1978-01-01,YUSL26A,0.59
1979-01-01,YUSL26A,0.59
1980-01-01,YUSL26A,0.18
1981-01-01,YUSL26A,0.42
1982-01-01,YUSL26A,0.76
1983-01-01,YUSL26A,0.52
1984-01-01,YUSL26A,0.57
1985-01-01,YUSL26A,0.34
1986-01-01,YUSL26A,0.45
1987-01-01,YUSL26A,0.47
1988-01-01,YUSL26A,0.52
1989-01-01,YUSL26A,0.4
1990-01-01,YUSL26A,0.42
1991-01-01,YUSL26A,0.47
1992-01-01,YUSL26A,0.42
1993-01-01,YUSL26A,1.02
1994-01-01,YUSL26A,0.68
1995-01-01,YUSL26A,0.53
1996-01-01,YUSL26A,0.59
1997-01-01,YUSL26A,0.18
1998-01-01,YUSL26A,0.97
1999-01-01,YUSL26A,0.51
2000-01-01,YUSL26A,0.94
2001-01-01,YUSL26A,0.81
2002-01-01,YUSL26A,0.58
2003-01-01,YUSL26A,1.34
2004-01-01,YUSL26A,1.68
2005-01-01,YUSL26A,1.9
2006-01-01,YUSL26A,1.71
2007-01-01,YUSL26A,1.63
2008-01-01,YUSL26A,2.06
2009-01-01,YUSL26A,2.05
2010-01-01,YUSL26A,1.26
2011-01-01,YUSL26A,1.65
2012-01-01,YUSL26A,1.96
1947-01-01,YUSL27A,0.33
1948-01-01,YUSL27A,0.32
1949-01-01,YUSL27A,0.24
1950-01-01,YUSL27A,0.29
1951-01-01,YUSL27A,0.3
1952-01-01,YUSL27A,0.47
1953-01-01,YUSL27A,0.5
1954-01-01,YUSL27A,0.43
1955-01-01,YUSL27A,0.5
1956-01-01,YUSL27A,0.52
1957-01-01,YUSL27A,0.43
1958-01-01,YUSL27A,0.44
1959-01-01,YUSL27A,0.37
1960-01-01,YUSL27A,0.34
1961-01-01,YUSL27A,0.43
1962-01-01,YUSL27A,0.34
1963-01-01,YUSL27A,0.45
1964-01-01,YUSL27A,0.35
1965-01-01,YUSL27A,0.33
1966-01-01,YUSL27A,0.26
1967-01-01,YUSL27A,0.41
1968-01-01,YUSL27A,0.26
1969-01-01,YUSL27A,0.4
1970-01-01,YUSL27A,0.27
1971-01-01,YUSL27A,0.41
1972-01-01,YUSL27A,0.49
1973-01-01,YUSL27A,0.48
1974-01-01,YUSL27A,0.45
1975-01-01,YUSL27A,0.38
1976-01-01,YUSL27A,0.57
1977-01-01,YUSL27A,0.41
1978-01-01,YUSL27A,0.32
1979-01-01,YUSL27A,0.35
1980-01-01,YUSL27A,0.13
1981-01-01,YUSL27A,0.39
1982-01-01,YUSL27A,0.86
1983-01-01,YUSL27A,0.76
1984-01-01,YUSL27A,0.71
1985-01-01,YUSL27A,0.38
1986-01-01,YUSL27A,0.38
1987-01-01,YUSL27A,0.49
1988-01-01,YUSL27A,0.65
1989-01-01,YUSL27A,0.76
1990-01-01,YUSL27A,0.95
1991-01-01,YUSL27A,0.68
1992-01-01,YUSL27A,0.53
1993-01-01,YUSL27A,1.47
1994-01-01,YUSL27A,0.94
1995-01-01,YUSL27A,0.6
1996-01-01,YUSL27A,0.68
1997-01-01,YUSL27A,0.09
1998-01-01,YUSL27A,0.56
1999-01-01,YUSL27A,0.29
2000-01-01,YUSL27A,0.58
2001-01-01,YUSL27A,0.3
2002-01-01,YUSL27A,0.16
2003-01-01,YUSL27A,0.49
2004-01-01,YUSL27A,0.85
2005-01-01,YUSL27A,1.27
2006-01-01,YUSL27A,1.22
2007-01-01,YUSL27A,1.2
2008-01-01,YUSL27A,1.08
2009-01-01,YUSL27A,0.75
2010-01-01,YUSL27A,0.65
2011-01-01,YUSL27A,0.86
2012-01-01,YUSL27A,1.67
1987-01-01,YUSL28A,1.11
1988-01-01,YUSL28A,1.62
1989-01-01,YUSL28A,2.45
1990-01-01,YUSL28A,2.18
1991-01-01,YUSL28A,0.48
1992-01-01,YUSL28A,0.73
1993-01-01,YUSL28A,1.76
1994-01-01,YUSL28A,1.32
1995-01-01,YUSL28A,1.34
1996-01-01,YUSL28A,1.42
1997-01-01,YUSL28A,0.4
1998-01-01,YUSL28A,1.69
1999-01-01,YUSL28A,1.05
2000-01-01,YUSL28A,1.95
2001-01-01,YUSL28A,0.87
2002-01-01,YUSL28A,1.15
2003-01-01,YUSL28A,2.11
2004-01-01,YUSL28A,2.04
2005-01-01,YUSL28A,1.13
2006-01-01,YUSL28A,1.33
2007-01-01,YUSL28A,1.64
2008-01-01,YUSL28A,1.67
2009-01-01,YUSL28A,1.23
2010-01-01,YUSL28A,0.66
2011-01-01,YUSL28A,0.96
2012-01-01,YUSL28A,1.89
1982-01-01,YUSL29A,0.16
1983-01-01,YUSL29A,0.65
1984-01-01,YUSL29A,0.85
1985-01-01,YUSL29A,0.39
1986-01-01,YUSL29A,0.38
1987-01-01,YUSL29A,0.34
1988-01-01,YUSL29A,0.57
1989-01-01,YUSL29A,0.88
1990-01-01,YUSL29A,0.79
1991-01-01,YUSL29A,0.83
1992-01-01,YUSL29A,0.73
1993-01-01,YUSL29A,0.86
1994-01-01,YUSL29A,1
1995-01-01,YUSL29A,1.21
1996-01-01,YUSL29A,0.91
1997-01-01,YUSL29A,0.44
1998-01-01,YUSL29A,1.15
1999-01-01,YUSL29A,0.75
2000-01-01,YUSL29A,1.45
2001-01-01,YUSL29A,0.78
2002-01-01,YUSL29A,0.82
2003-01-01,YUSL29A,1.39
2004-01-01,YUSL29A,1.03
2005-01-01,YUSL29A,1.26
2006-01-01,YUSL29A,1.43
2007-01-01,YUSL29A,1.66
2008-01-01,YUSL29A,1.82
2009-01-01,YUSL29A,2.07
2010-01-01,YUSL29A,1.38
2011-01-01,YUSL29A,1.85
2012-01-01,YUSL29A,2.06
1919-01-01,YUSL30AB,0.38
1920-01-01,YUSL30AB,0.46
1921-01-01,YUSL30AB,0.7
1922-01-01,YUSL30AB,0.86
1923-01-01,YUSL30AB,0.88
1924-01-01,YUSL30AB,0.35
1925-01-01,YUSL30AB,0.25
1926-01-01,YUSL30AB,0.21
1927-01-01,YUSL30AB,0.24
1928-01-01,YUSL30AB,0.21
1929-01-01,YUSL30AB,0.19
1930-01-01,YUSL30AB,0.14
1931-01-01,YUSL30AB,0.25
1932-01-01,YUSL30AB,0.1
1933-01-01,YUSL30AB,0.19
1934-01-01,YUSL30AB,0.06
1935-01-01,YUSL30AB,0.06
1936-01-01,YUSL30AB,0.06
1937-01-01,YUSL30AB,0.12
1938-01-01,YUSL30AB,0.17
1939-01-01,YUSL30AB,0.16
1940-01-01,YUSL30AB,0.12
1941-01-01,YUSL30AB,0.14
1942-01-01,YUSL30AB,0.37
1943-01-01,YUSL30AB,0.54
1944-01-01,YUSL30AB,0.42
1945-01-01,YUSL30AB,0.49
1946-01-01,YUSL30AB,0.18
1947-01-01,YUSL30AB,0.19
1948-01-01,YUSL30AB,0.32
1949-01-01,YUSL30AB,0.1
1950-01-01,YUSL30AB,0.25
1951-01-01,YUSL30AB,0.07
1952-01-01,YUSL30AB,0.28
1953-01-01,YUSL30AB,0.27
1954-01-01,YUSL30AB,0.18
1955-01-01,YUSL30AB,0.26
1956-01-01,YUSL30AB,0.38
1957-01-01,YUSL30AB,0.29
1958-01-01,YUSL30AB,0.24
1959-01-01,YUSL30AB,0.44
1960-01-01,YUSL30AB,0.4
1961-01-01,YUSL30AB,0.72
1962-01-01,YUSL30AB,0.6
1963-01-01,YUSL30AB,0.55
1964-01-01,YUSL30AB,0.5
1965-01-01,YUSL30AB,0.18
1966-01-01,YUSL30AB,0.1
1967-01-01,YUSL30AB,0.23
1968-01-01,YUSL30AB,0.09
1969-01-01,YUSL30AB,0.56
1970-01-01,YUSL30AB,0.61
1971-01-01,YUSL30AB,0.52
1972-01-01,YUSL30AB,0.62
1973-01-01,YUSL30AB,0.57
1974-01-01,YUSL30AB,0.48
1975-01-01,YUSL30AB,0.33
1976-01-01,YUSL30AB,0.59
1977-01-01,YUSL30AB,0.32
1978-01-01,YUSL30AB,0.4
1979-01-01,YUSL30AB,0.4
1980-01-01,YUSL30AB,0.3
1981-01-01,YUSL30AB,0.77
1982-01-01,YUSL30AB,0.86
1983-01-01,YUSL30AB,1.16
1984-01-01,YUSL30AB,1.09
1985-01-01,YUSL30AB,0.89
1986-01-01,YUSL30AB,0.7
1987-01-01,YUSL30AB,0.75
1988-01-01,YUSL30AB,1.05
1989-01-01,YUSL30AB,1.37
1990-01-01,YUSL30AB,1.21
1991-01-01,YUSL30AB,1.2
1992-01-01,YUSL30AB,0.68
1993-01-01,YUSL30AB,1.28
1994-01-01,YUSL30AB,0.76
1995-01-01,YUSL30AB,0.74
1996-01-01,YUSL30AB,0.58
1997-01-01,YUSL30AB,0.12
1998-01-01,YUSL30AB,0.79
1999-01-01,YUSL30AB,0.68
2000-01-01,YUSL30AB,1.23
2001-01-01,YUSL30AB,0.38
2002-01-01,YUSL30AB,0.5
2003-01-01,YUSL30AB,1.18
2004-01-01,YUSL30AB,1.47
2005-01-01,YUSL30AB,1.12
2006-01-01,YUSL30AB,1.01
2007-01-01,YUSL30AB,1.22
2008-01-01,YUSL30AB,1.15
2009-01-01,YUSL30AB,0.62
2010-01-01,YUSL30AB,0.15
2011-01-01,YUSL30AB,0.06
2012-01-01,YUSL30AB,0.17
1912-01-01,YUSL31A,0.39
1913-01-01,YUSL31A,0.34
1914-01-01,YUSL31A,0.55
1915-01-01,YUSL31A,0.37
1916-01-01,YUSL31A,0.3
1917-01-01,YUSL31A,0.29
1918-01-01,YUSL31A,0.3
1919-01-01,YUSL31A,0.24
1920-01-01,YUSL31A,0.43
1921-01-01,YUSL31A,0.35
1922-01-01,YUSL31A,0.37
1923-01-01,YUSL31A,0.62
1924-01-01,YUSL31A,0.48
1925-01-01,YUSL31A,0.38
1926-01-01,YUSL31A,0.63
1927-01-01,YUSL31A,0.69
1928-01-01,YUSL31A,0.57
1929-01-01,YUSL31A,0.4
1930-01-01,YUSL31A,0.43
1931-01-01,YUSL31A,0.48
1932-01-01,YUSL31A,0.56
1933-01-01,YUSL31A,0.55
1934-01-01,YUSL31A,0.33
1935-01-01,YUSL31A,0.37
1936-01-01,YUSL31A,0.3
1937-01-01,YUSL31A,0.4
1938-01-01,YUSL31A,0.55
1939-01-01,YUSL31A,0.52
1940-01-01,YUSL31A,0.25
1941-01-01,YUSL31A,0.24
1942-01-01,YUSL31A,0.26
1943-01-01,YUSL31A,0.35
1944-01-01,YUSL31A,0.29
1945-01-01,YUSL31A,0.5
1946-01-01,YUSL31A,0.25
1947-01-01,YUSL31A,0.34
1948-01-01,YUSL31A,0.45
1949-01-01,YUSL31A,0
1950-01-01,YUSL31A,0.27
1951-01-01,YUSL31A,0.3
1952-01-01,YUSL31A,0.4
1953-01-01,YUSL31A,0.36
1954-01-01,YUSL31A,0.35
1955-01-01,YUSL31A,0.63
1956-01-01,YUSL31A,0.51
1957-01-01,YUSL31A,0.44
1958-01-01,YUSL31A,0.38
1959-01-01,YUSL31A,0.67
1960-01-01,YUSL31A,0.39
1961-01-01,YUSL31A,0.71
1962-01-01,YUSL31A,0.89
1963-01-01,YUSL31A,0.73
1964-01-01,YUSL31A,0.77
1965-01-01,YUSL31A,0.83
1966-01-01,YUSL31A,0.85
1967-01-01,YUSL31A,1.44
1968-01-01,YUSL31A,0.34
1969-01-01,YUSL31A,0.8
1970-01-01,YUSL31A,0.46
1971-01-01,YUSL31A,0.53
1972-01-01,YUSL31A,0.52
1973-01-01,YUSL31A,0.58
1974-01-01,YUSL31A,0.51
1975-01-01,YUSL31A,0.45
1976-01-01,YUSL31A,0.52
1977-01-01,YUSL31A,0.57
1978-01-01,YUSL31A,0.4
1979-01-01,YUSL31A,0.54
1980-01-01,YUSL31A,0.37
1981-01-01,YUSL31A,0.57
1982-01-01,YUSL31A,0.8
1983-01-01,YUSL31A,0.66
1984-01-01,YUSL31A,0.95
1985-01-01,YUSL31A,0.73
1986-01-01,YUSL31A,0.62
1987-01-01,YUSL31A,0.54
1988-01-01,YUSL31A,0.87
1989-01-01,YUSL31A,0.48
1990-01-01,YUSL31A,0.44
1991-01-01,YUSL31A,0.19
1992-01-01,YUSL31A,0.13
1993-01-01,YUSL31A,0.35
1994-01-01,YUSL31A,0.35
1995-01-01,YUSL31A,0.41
1996-01-01,YUSL31A,0.21
1997-01-01,YUSL31A,0
1998-01-01,YUSL31A,0.55
1999-01-01,YUSL31A,0.45
2000-01-01,YUSL31A,0.64
2001-01-01,YUSL31A,0.25
2002-01-01,YUSL31A,0.35
2003-01-01,YUSL31A,0.62
2004-01-01,YUSL31A,0.75
2005-01-01,YUSL31A,0.72
2006-01-01,YUSL31A,0.72
2007-01-01,YUSL31A,0.98
2008-01-01,YUSL31A,1.21
2009-01-01,YUSL31A,0.72
2010-01-01,YUSL31A,0.54
2011-01-01,YUSL31A,1.09
2012-01-01,YUSL31A,1.18
1951-01-01,YUSL32B,0.25
1952-01-01,YUSL32B,0.55
1953-01-01,YUSL32B,0.49
1954-01-01,YUSL32B,0.72
1955-01-01,YUSL32B,0.72
1956-01-01,YUSL32B,0.56
1957-01-01,YUSL32B,0.38
1958-01-01,YUSL32B,0.33
1959-01-01,YUSL32B,0.8
1960-01-01,YUSL32B,0.57
1961-01-01,YUSL32B,1.28
1962-01-01,YUSL32B,1
1963-01-01,YUSL32B,0.72
1964-01-01,YUSL32B,0.45
1965-01-01,YUSL32B,0.89
1966-01-01,YUSL32B,0.62
1967-01-01,YUSL32B,0.78
1968-01-01,YUSL32B,0.21
1969-01-01,YUSL32B,0.53
1970-01-01,YUSL32B,0.27
1971-01-01,YUSL32B,0.25
1972-01-01,YUSL32B,0.28
1973-01-01,YUSL32B,0.29
1974-01-01,YUSL32B,0.27
1975-01-01,YUSL32B,0.19
1976-01-01,YUSL32B,0.32
1977-01-01,YUSL32B,0.33
1978-01-01,YUSL32B,0.28
1979-01-01,YUSL32B,0.55
1980-01-01,YUSL32B,0.22
1981-01-01,YUSL32B,0.47
1982-01-01,YUSL32B,0.93
1983-01-01,YUSL32B,1.04
1984-01-01,YUSL32B,1.04
1985-01-01,YUSL32B,0.81
1986-01-01,YUSL32B,0.54
1987-01-01,YUSL32B,0.67
1988-01-01,YUSL32B,0.66
1989-01-01,YUSL32B,0.75
1990-01-01,YUSL32B,0.79
1991-01-01,YUSL32B,0.81
1992-01-01,YUSL32B,0.38
1993-01-01,YUSL32B,0.86
1994-01-01,YUSL32B,0.85
1995-01-01,YUSL32B,0.87
1996-01-01,YUSL32B,0.49
1997-01-01,YUSL32B,0.18
1998-01-01,YUSL32B,0.89
1999-01-01,YUSL32B,0.84
2000-01-01,YUSL32B,1.18
2001-01-01,YUSL32B,0.94
2002-01-01,YUSL32B,0.85
2003-01-01,YUSL32B,1.23
2004-01-01,YUSL32B,1.2
2005-01-01,YUSL32B,1.11
2006-01-01,YUSL32B,1.14
2007-01-01,YUSL32B,1.5
2008-01-01,YUSL32B,1.47
2009-01-01,YUSL32B,1.15
2010-01-01,YUSL32B,0.91
2011-01-01,YUSL32B,1.47
2012-01-01,YUSL32B,1.68
1954-01-01,YUSL33A,0.39
1955-01-01,YUSL33A,0.82
1956-01-01,YUSL33A,0.36
1957-01-01,YUSL33A,0.48
1958-01-01,YUSL33A,0.35
1959-01-01,YUSL33A,0.48
1960-01-01,YUSL33A,0.34
1961-01-01,YUSL33A,0.41
1962-01-01,YUSL33A,0.63
1963-01-01,YUSL33A,0.52
1964-01-01,YUSL33A,0.64
1965-01-01,YUSL33A,0.4
1966-01-01,YUSL33A,0.47
1967-01-01,YUSL33A,0.5
1968-01-01,YUSL33A,0.09
1969-01-01,YUSL33A,0.45
1970-01-01,YUSL33A,0.38
1971-01-01,YUSL33A,0.26
1972-01-01,YUSL33A,0.54
1973-01-01,YUSL33A,0.75
1974-01-01,YUSL33A,0.8
1975-01-01,YUSL33A,0.69
1976-01-01,YUSL33A,0.76
1977-01-01,YUSL33A,0.51
1978-01-01,YUSL33A,0.2
1979-01-01,YUSL33A,0.61
1980-01-01,YUSL33A,0.35
1981-01-01,YUSL33A,0.46
1982-01-01,YUSL33A,0.85
1983-01-01,YUSL33A,0.58
1984-01-01,YUSL33A,0.81
1985-01-01,YUSL33A,0.65
1986-01-01,YUSL33A,0.71
1987-01-01,YUSL33A,0.62
1988-01-01,YUSL33A,0.79
1989-01-01,YUSL33A,1.01
1990-01-01,YUSL33A,1.06
1991-01-01,YUSL33A,1.08
1992-01-01,YUSL33A,0.81
1993-01-01,YUSL33A,0.98
1994-01-01,YUSL33A,1.01
1995-01-01,YUSL33A,0.96
1996-01-01,YUSL33A,0.85
1997-01-01,YUSL33A,0.09
1998-01-01,YUSL33A,0.87
1999-01-01,YUSL33A,0.46
2000-01-01,YUSL33A,0.66
2001-01-01,YUSL33A,0.39
2002-01-01,YUSL33A,0.38
2003-01-01,YUSL33A,0.53
2004-01-01,YUSL33A,0.62
2005-01-01,YUSL33A,0.53
2006-01-01,YUSL33A,0.48
2007-01-01,YUSL33A,0.63
2008-01-01,YUSL33A,0.68
2009-01-01,YUSL33A,0.78
2010-01-01,YUSL33A,0.57
2011-01-01,YUSL33A,0.62
2012-01-01,YUSL33A,0.55
1953-01-01,YUSL34A,0.34
1954-01-01,YUSL34A,0.35
1955-01-01,YUSL34A,0.3
1956-01-01,YUSL34A,0.27
1957-01-01,YUSL34A,0.22
1958-01-01,YUSL34A,0.27
1959-01-01,YUSL34A,0.52
1960-01-01,YUSL34A,0.62
1961-01-01,YUSL34A,0.74
1962-01-01,YUSL34A,1.12
1963-01-01,YUSL34A,0.68
1964-01-01,YUSL34A,0.65
1965-01-01,YUSL34A,0.63
1966-01-01,YUSL34A,0.58
1967-01-01,YUSL34A,0.53
1968-01-01,YUSL34A,0.08
1969-01-01,YUSL34A,0.39
1970-01-01,YUSL34A,0.23
1971-01-01,YUSL34A,0.41
1972-01-01,YUSL34A,0.54
1973-01-01,YUSL34A,0.67
1974-01-01,YUSL34A,0.67
1975-01-01,YUSL34A,0.75
1976-01-01,YUSL34A,0.93
1977-01-01,YUSL34A,0.87
1978-01-01,YUSL34A,0.69
1979-01-01,YUSL34A,0.82
1980-01-01,YUSL34A,0.5
1981-01-01,YUSL34A,1.13
1982-01-01,YUSL34A,1.23
1983-01-01,YUSL34A,0.89
1984-01-01,YUSL34A,1.27
1985-01-01,YUSL34A,1.05
1986-01-01,YUSL34A,0.88
1987-01-01,YUSL34A,0.92
1988-01-01,YUSL34A,1.22
1989-01-01,YUSL34A,0.83
1990-01-01,YUSL34A,0.92
1991-01-01,YUSL34A,0.73
1992-01-01,YUSL34A,0.64
1993-01-01,YUSL34A,1.28
1994-01-01,YUSL34A,1.02
1995-01-01,YUSL34A,0.78
1996-01-01,YUSL34A,0.91
1997-01-01,YUSL34A,0.04
1998-01-01,YUSL34A,1.25
1999-01-01,YUSL34A,0.49
2000-01-01,YUSL34A,1.03
2001-01-01,YUSL34A,0.9
2002-01-01,YUSL34A,0.96
2003-01-01,YUSL34A,1.32
2004-01-01,YUSL34A,1.16
2005-01-01,YUSL34A,0.51
2006-01-01,YUSL34A,0.58
2007-01-01,YUSL34A,0.88
2008-01-01,YUSL34A,1.4
2009-01-01,YUSL34A,1.31
2010-01-01,YUSL34A,0.9
2011-01-01,YUSL34A,1.6
2012-01-01,YUSL34A,2.41
1971-01-01,YUSL35A,0.22
1972-01-01,YUSL35A,0.48
1973-01-01,YUSL35A,0.6
1974-01-01,YUSL35A,0.65
1975-01-01,YUSL35A,0.66
1976-01-01,YUSL35A,0.55
1977-01-01,YUSL35A,0.58
1978-01-01,YUSL35A,0.34
1979-01-01,YUSL35A,0.64
1980-01-01,YUSL35A,0.27
1981-01-01,YUSL35A,0.92
1982-01-01,YUSL35A,1.29
1983-01-01,YUSL35A,0.61
1984-01-01,YUSL35A,0.67
1985-01-01,YUSL35A,0.45
1986-01-01,YUSL35A,0.43
1987-01-01,YUSL35A,0.37
1988-01-01,YUSL35A,0.36
1989-01-01,YUSL35A,0.41
1990-01-01,YUSL35A,0.69
1991-01-01,YUSL35A,0.67
1992-01-01,YUSL35A,0.42
1993-01-01,YUSL35A,1.12
1994-01-01,YUSL35A,1.06
1995-01-01,YUSL35A,1.21
1996-01-01,YUSL35A,1.08
1997-01-01,YUSL35A,0.36
1998-01-01,YUSL35A,1.28
1999-01-01,YUSL35A,1.01
2000-01-01,YUSL35A,1.62
2001-01-01,YUSL35A,0.91
2002-01-01,YUSL35A,0.75
2003-01-01,YUSL35A,0.89
2004-01-01,YUSL35A,1.02
2005-01-01,YUSL35A,1.51
2006-01-01,YUSL35A,1.27
2007-01-01,YUSL35A,1.1
2008-01-01,YUSL35A,0.73
2009-01-01,YUSL35A,0.94
2010-01-01,YUSL35A,0.48
2011-01-01,YUSL35A,1.03
2012-01-01,YUSL35A,2.06
1973-01-01,YUSL36A,0.28
1974-01-01,YUSL36A,0.57
1975-01-01,YUSL36A,1
1976-01-01,YUSL36A,0.51
1977-01-01,YUSL36A,0.83
1978-01-01,YUSL36A,0.2
1979-01-01,YUSL36A,0.53
1980-01-01,YUSL36A,0.41
1981-01-01,YUSL36A,0.8
1982-01-01,YUSL36A,1.04
1983-01-01,YUSL36A,0.1
1984-01-01,YUSL36A,0.37
1985-01-01,YUSL36A,0.27
1986-01-01,YUSL36A,0.42
1987-01-01,YUSL36A,0.26
1988-01-01,YUSL36A,0.28
1989-01-01,YUSL36A,0.56
1990-01-01,YUSL36A,1.1
1991-01-01,YUSL36A,1.13
1992-01-01,YUSL36A,0.87
1993-01-01,YUSL36A,1.4
1994-01-01,YUSL36A,1.23
1995-01-01,YUSL36A,1.47
1996-01-01,YUSL36A,1.58
1997-01-01,YUSL36A,0.69
1998-01-01,YUSL36A,1.83
1999-01-01,YUSL36A,1.32
2000-01-01,YUSL36A,1.88
2001-01-01,YUSL36A,1.7
2002-01-01,YUSL36A,1.76
2003-01-01,YUSL36A,2.24
2004-01-01,YUSL36A,2.03
2005-01-01,YUSL36A,2.44
2006-01-01,YUSL36A,1.76
2007-01-01,YUSL36A,2.05
2008-01-01,YUSL36A,1.79
2009-01-01,YUSL36A,1.73
2010-01-01,YUSL36A,1.09
2011-01-01,YUSL36A,1.82
2012-01-01,YUSL36A,2.53
1954-01-01,YUSL37A,0.88
1955-01-01,YUSL37A,0.97
1956-01-01,YUSL37A,1.02
1957-01-01,YUSL37A,0.85
1958-01-01,YUSL37A,0.79
1959-01-01,YUSL37A,1.88
1960-01-01,YUSL37A,0.98
1961-01-01,YUSL37A,1.9
1962-01-01,YUSL37A,1.64
1963-01-01,YUSL37A,1.6
1964-01-01,YUSL37A,1.39
1965-01-01,YUSL37A,1.38
1966-01-01,YUSL37A,1.17
1967-01-01,YUSL37A,1.95
1968-01-01,YUSL37A,0.42
1969-01-01,YUSL37A,1.15
1970-01-01,YUSL37A,0.58
1971-01-01,YUSL37A,0.81
1972-01-01,YUSL37A,1.28
1973-01-01,YUSL37A,1.54
1974-01-01,YUSL37A,1.24
1975-01-01,YUSL37A,1.23
1976-01-01,YUSL37A,1.48
1977-01-01,YUSL37A,1.5
1978-01-01,YUSL37A,1.02
1979-01-01,YUSL37A,1.49
1980-01-01,YUSL37A,0.57
1981-01-01,YUSL37A,1.32
1982-01-01,YUSL37A,1.58
1983-01-01,YUSL37A,1.69
1984-01-01,YUSL37A,1.66
1985-01-01,YUSL37A,1.61
1986-01-01,YUSL37A,1.14
1987-01-01,YUSL37A,1.03
1988-01-01,YUSL37A,1.23
1989-01-01,YUSL37A,1.31
1990-01-01,YUSL37A,1.91
1991-01-01,YUSL37A,1.71
1992-01-01,YUSL37A,0.92
1993-01-01,YUSL37A,2.56
1994-01-01,YUSL37A,1.57
1995-01-01,YUSL37A,1.79
1996-01-01,YUSL37A,1.2
1997-01-01,YUSL37A,0.69
1998-01-01,YUSL37A,1.53
1999-01-01,YUSL37A,0.94
2000-01-01,YUSL37A,1.57
2001-01-01,YUSL37A,1.16
2002-01-01,YUSL37A,0.73
2003-01-01,YUSL37A,0.87
2004-01-01,YUSL37A,0.8
2005-01-01,YUSL37A,1.08
2006-01-01,YUSL37A,0.94
2007-01-01,YUSL37A,1.18
2008-01-01,YUSL37A,1.08
2009-01-01,YUSL37A,0.72
2010-01-01,YUSL37A,0.4
2011-01-01,YUSL37A,0.65
2012-01-01,YUSL37A,0.76
1964-01-01,YUSL39A,0.85
1965-01-01,YUSL39A,1.34
1966-01-01,YUSL39A,1.08
1967-01-01,YUSL39A,1.38
1968-01-01,YUSL39A,0.38
1969-01-01,YUSL39A,0.65
1970-01-01,YUSL39A,0.64
1971-01-01,YUSL39A,0.63
1972-01-01,YUSL39A,0.87
1973-01-01,YUSL39A,0.86
1974-01-01,YUSL39A,0.82
1975-01-01,YUSL39A,0.85
1976-01-01,YUSL39A,0.89
1977-01-01,YUSL39A,1
1978-01-01,YUSL39A,0.83
1979-01-01,YUSL39A,0.8
1980-01-01,YUSL39A,0.49
1981-01-01,YUSL39A,1.14
1982-01-01,YUSL39A,1.17
1983-01-01,YUSL39A,1.08
1984-01-01,YUSL39A,1.37
1985-01-01,YUSL39A,1.12
1986-01-01,YUSL39A,0.8
1987-01-01,YUSL39A,0.96
1988-01-01,YUSL39A,0.82
1989-01-01,YUSL39A,1.34
1990-01-01,YUSL39A,1.64
1991-01-01,YUSL39A,1.03
1992-01-01,YUSL39A,0.72
1993-01-01,YUSL39A,1.25
1994-01-01,YUSL39A,1.03
1995-01-01,YUSL39A,0.8
1996-01-01,YUSL39A,0.65
1997-01-01,YUSL39A,0.22
1998-01-01,YUSL39A,1.16
1999-01-01,YUSL39A,0.55
2000-01-01,YUSL39A,0.9
2001-01-01,YUSL39A,0.83
2002-01-01,YUSL39A,0.7
2003-01-01,YUSL39A,1.2
2004-01-01,YUSL39A,1.24
2005-01-01,YUSL39A,1.51
2006-01-01,YUSL39A,1.35
2007-01-01,YUSL39A,1.33
2008-01-01,YUSL39A,1.36
2009-01-01,YUSL39A,1.24
2010-01-01,YUSL39A,0.7
2011-01-01,YUSL39A,1.25
2012-01-01,YUSL39A,1.89
1924-01-01,YUSL40A,0.08
1925-01-01,YUSL40A,0.23
1926-01-01,YUSL40A,0.12
1927-01-01,YUSL40A,0.2
1928-01-01,YUSL40A,0.36
1929-01-01,YUSL40A,0.3
1930-01-01,YUSL40A,0.24
1931-01-01,YUSL40A,0.3
1932-01-01,YUSL40A,0.16
1933-01-01,YUSL40A,0.1
1934-01-01,YUSL40A,0.13
1935-01-01,YUSL40A,0.08
1936-01-01,YUSL40A,0.18
1937-01-01,YUSL40A,0.16
1938-01-01,YUSL40A,0.25
1939-01-01,YUSL40A,0.16
1940-01-01,YUSL40A,0.08
1941-01-01,YUSL40A,0.08
1942-01-01,YUSL40A,0.17
1943-01-01,YUSL40A,0.31
1944-01-01,YUSL40A,0.41
1945-01-01,YUSL40A,0.4
1946-01-01,YUSL40A,0.16
1947-01-01,YUSL40A,0.3
1948-01-01,YUSL40A,0.35
1949-01-01,YUSL40A,0.28
1950-01-01,YUSL40A,0.32
1951-01-01,YUSL40A,0.33
1952-01-01,YUSL40A,0.43
1953-01-01,YUSL40A,0.43
1954-01-01,YUSL40A,0.41
1955-01-01,YUSL40A,0.46
1956-01-01,YUSL40A,0.57
1957-01-01,YUSL40A,0.34
1958-01-01,YUSL40A,0.32
1959-01-01,YUSL40A,0.41
1960-01-01,YUSL40A,0.32
1961-01-01,YUSL40A,0.38
1962-01-01,YUSL40A,0.44
1963-01-01,YUSL40A,0.34
1964-01-01,YUSL40A,0.32
1965-01-01,YUSL40A,0.45
1966-01-01,YUSL40A,0.45
1967-01-01,YUSL40A,0.75
1968-01-01,YUSL40A,0.26
1969-01-01,YUSL40A,0.65
1970-01-01,YUSL40A,0.35
1971-01-01,YUSL40A,0.23
1972-01-01,YUSL40A,0.4
1973-01-01,YUSL40A,0.53
1974-01-01,YUSL40A,0.6
1975-01-01,YUSL40A,0.63
1976-01-01,YUSL40A,0.64
1977-01-01,YUSL40A,0.7
1978-01-01,YUSL40A,0.29
1979-01-01,YUSL40A,0.38
1980-01-01,YUSL40A,0.16
1981-01-01,YUSL40A,0.53
1982-01-01,YUSL40A,1.02
1983-01-01,YUSL40A,0.78
1984-01-01,YUSL40A,0.74
1985-01-01,YUSL40A,0.39
1986-01-01,YUSL40A,0.51
1987-01-01,YUSL40A,0.67
1988-01-01,YUSL40A,0.64
1989-01-01,YUSL40A,0.91
1990-01-01,YUSL40A,1.06
1991-01-01,YUSL40A,1.04
1992-01-01,YUSL40A,0.57
1993-01-01,YUSL40A,1.1
1994-01-01,YUSL40A,0.94
1995-01-01,YUSL40A,0.97
1996-01-01,YUSL40A,0.8
1997-01-01,YUSL40A,0.16
1998-01-01,YUSL40A,1.03
1999-01-01,YUSL40A,0.69
2000-01-01,YUSL40A,0.81
2001-01-01,YUSL40A,0.54
2002-01-01,YUSL40A,0.35
2003-01-01,YUSL40A,1.01
2004-01-01,YUSL40A,1.58
2005-01-01,YUSL40A,0.98
2006-01-01,YUSL40A,0.53
2007-01-01,YUSL40A,0.92
2008-01-01,YUSL40A,0.86
2009-01-01,YUSL40A,0.68
2010-01-01,YUSL40A,0.26
2011-01-01,YUSL40A,0.55
2012-01-01,YUSL40A,1.2
1950-01-01,YUSL41A,0.38
1951-01-01,YUSL41A,0.71
1952-01-01,YUSL41A,0.65
1953-01-01,YUSL41A,0.45
1954-01-01,YUSL41A,0.26
1955-01-01,YUSL41A,0.9
1956-01-01,YUSL41A,0.55
1957-01-01,YUSL41A,0.31
1958-01-01,YUSL41A,0.25
1959-01-01,YUSL41A,0.44
1960-01-01,YUSL41A,0.44
1961-01-01,YUSL41A,0.17
1962-01-01,YUSL41A,0.79
1963-01-01,YUSL41A,0.61
1964-01-01,YUSL41A,0.82
1965-01-01,YUSL41A,0.79
1966-01-01,YUSL41A,0.59
1967-01-01,YUSL41A,0.82
1968-01-01,YUSL41A,0.22
1969-01-01,YUSL41A,0.62
1970-01-01,YUSL41A,0.45
1971-01-01,YUSL41A,0.38
1972-01-01,YUSL41A,0.61
1973-01-01,YUSL41A,0.66
1974-01-01,YUSL41A,0.51
1975-01-01,YUSL41A,0.41
1976-01-01,YUSL41A,0.64
1977-01-01,YUSL41A,0.16
1978-01-01,YUSL41A,0.24
1979-01-01,YUSL41A,0.44
1980-01-01,YUSL41A,0.22
1981-01-01,YUSL41A,0.53
1982-01-01,YUSL41A,0.56
1983-01-01,YUSL41A,0.44
1984-01-01,YUSL41A,1
1985-01-01,YUSL41A,0.86
1986-01-01,YUSL41A,1.11
1987-01-01,YUSL41A,0.91
1988-01-01,YUSL41A,1.18
1989-01-01,YUSL41A,1.75
1990-01-01,YUSL41A,0.95
1991-01-01,YUSL41A,1.02
1992-01-01,YUSL41A,0.72
1993-01-01,YUSL41A,1.35
1994-01-01,YUSL41A,1.58
1995-01-01,YUSL41A,1.58
1996-01-01,YUSL41A,1.25
1997-01-01,YUSL41A,0.16
1998-01-01,YUSL41A,1.03
1999-01-01,YUSL41A,0.56
2000-01-01,YUSL41A,1.19
2001-01-01,YUSL41A,0.97
2002-01-01,YUSL41A,1.24
2003-01-01,YUSL41A,1.3
2004-01-01,YUSL41A,1.17
2005-01-01,YUSL41A,1.14
2006-01-01,YUSL41A,1.04
2007-01-01,YUSL41A,1.64
2008-01-01,YUSL41A,1.25
2009-01-01,YUSL41A,1.22
2010-01-01,YUSL41A,1.04
2011-01-01,YUSL41A,1.35
2012-01-01,YUSL41A,2.05
1955-01-01,YUSL42A,0.4
1956-01-01,YUSL42A,0.64
1957-01-01,YUSL42A,0.31
1958-01-01,YUSL42A,0.23
1959-01-01,YUSL42A,0.26
1960-01-01,YUSL42A,0.49
1961-01-01,YUSL42A,0.55
1962-01-01,YUSL42A,0.64
1963-01-01,YUSL42A,0.58
1964-01-01,YUSL42A,0.92
1965-01-01,YUSL42A,0.82
1966-01-01,YUSL42A,0.92
1967-01-01,YUSL42A,0.9
1968-01-01,YUSL42A,0.28
1969-01-01,YUSL42A,1.05
1970-01-01,YUSL42A,0.76
1971-01-01,YUSL42A,0.63
1972-01-01,YUSL42A,0.65
1973-01-01,YUSL42A,0.77
1974-01-01,YUSL42A,0.77
1975-01-01,YUSL42A,0.62
1976-01-01,YUSL42A,0.9
1977-01-01,YUSL42A,0.3
1978-01-01,YUSL42A,0.64
1979-01-01,YUSL42A,0.92
1980-01-01,YUSL42A,0.52
1981-01-01,YUSL42A,1.29
1982-01-01,YUSL42A,1.46
1983-01-01,YUSL42A,1.12
1984-01-01,YUSL42A,1.42
1985-01-01,YUSL42A,1.19
1986-01-01,YUSL42A,1.54
1987-01-01,YUSL42A,1.5
1988-01-01,YUSL42A,1.59
1989-01-01,YUSL42A,1.96
1990-01-01,YUSL42A,1.45
1991-01-01,YUSL42A,1.39
1992-01-01,YUSL42A,0.7
1993-01-01,YUSL42A,1.67
1994-01-01,YUSL42A,1.75
1995-01-01,YUSL42A,1.61
1996-01-01,YUSL42A,1.42
1997-01-01,YUSL42A,0.7
1998-01-01,YUSL42A,1.51
1999-01-01,YUSL42A,0.95
2000-01-01,YUSL42A,1.84
2001-01-01,YUSL42A,1.32
2002-01-01,YUSL42A,1.74
2003-01-01,YUSL42A,2.26
2004-01-01,YUSL42A,1.71
2005-01-01,YUSL42A,2.03
2006-01-01,YUSL42A,1.76
2007-01-01,YUSL42A,2.35
2008-01-01,YUSL42A,2.15
2009-01-01,YUSL42A,1.81
2010-01-01,YUSL42A,1.46
2011-01-01,YUSL42A,2
2012-01-01,YUSL42A,3.02
1945-01-01,YUSL43A,0.22
1946-01-01,YUSL43A,0.13
1947-01-01,YUSL43A,0.13
1948-01-01,YUSL43A,0.27
1949-01-01,YUSL43A,0.19
1950-01-01,YUSL43A,0.22
1951-01-01,YUSL43A,0.32
1952-01-01,YUSL43A,0.44
1953-01-01,YUSL43A,0.58
1954-01-01,YUSL43A,0.46
1955-01-01,YUSL43A,0.63
1956-01-01,YUSL43A,0.68
1957-01-01,YUSL43A,0.49
1958-01-01,YUSL43A,0.5
1959-01-01,YUSL43A,0.78
1960-01-01,YUSL43A,0.57
1961-01-01,YUSL43A,0.77
1962-01-01,YUSL43A,0.73
1963-01-01,YUSL43A,0.75
1964-01-01,YUSL43A,0.73
1965-01-01,YUSL43A,0.76
1966-01-01,YUSL43A,0.6
1967-01-01,YUSL43A,0.72
1968-01-01,YUSL43A,0.5
1969-01-01,YUSL43A,0.97
1970-01-01,YUSL43A,0.65
1971-01-01,YUSL43A,0.59
1972-01-01,YUSL43A,0.73
1973-01-01,YUSL43A,0.61
1974-01-01,YUSL43A,0.56
1975-01-01,YUSL43A,0.65
1976-01-01,YUSL43A,0.72
1977-01-01,YUSL43A,0.62
1978-01-01,YUSL43A,0.55
1979-01-01,YUSL43A,0.64
1980-01-01,YUSL43A,0.36
1981-01-01,YUSL43A,0.61
1982-01-01,YUSL43A,0.75
1983-01-01,YUSL43A,0.81
1984-01-01,YUSL43A,0.96
1985-01-01,YUSL43A,0.79
1986-01-01,YUSL43A,0.86
1987-01-01,YUSL43A,0.92
1988-01-01,YUSL43A,1.02
1989-01-01,YUSL43A,1.07
1990-01-01,YUSL43A,1.21
1991-01-01,YUSL43A,0.71
1992-01-01,YUSL43A,0.49
1993-01-01,YUSL43A,0.98
1994-01-01,YUSL43A,0.84
1995-01-01,YUSL43A,0.67
1996-01-01,YUSL43A,0.7
1997-01-01,YUSL43A,0.23
1998-01-01,YUSL43A,0.77
1999-01-01,YUSL43A,0.61
2000-01-01,YUSL43A,1.06
2001-01-01,YUSL43A,0.88
2002-01-01,YUSL43A,0.7
2003-01-01,YUSL43A,1.26
2004-01-01,YUSL43A,1.05
2005-01-01,YUSL43A,0.91
2006-01-01,YUSL43A,1.01
2007-01-01,YUSL43A,1.19
2008-01-01,YUSL43A,1.1
2009-01-01,YUSL43A,0.95
2010-01-01,YUSL43A,0.39
2011-01-01,YUSL43A,0.87
2012-01-01,YUSL43A,1.11
1958-01-01,YUSL44A,0.3
1959-01-01,YUSL44A,0.19
1960-01-01,YUSL44A,0.36
1961-01-01,YUSL44A,0.51
1962-01-01,YUSL44A,0.62
1963-01-01,YUSL44A,0.66
1964-01-01,YUSL44A,0.42
1965-01-01,YUSL44A,0.46
1966-01-01,YUSL44A,0.49
1967-01-01,YUSL44A,0.62
1968-01-01,YUSL44A,0.24
1969-01-01,YUSL44A,0.63
1970-01-01,YUSL44A,0.54
1971-01-01,YUSL44A,0.41
1972-01-01,YUSL44A,0.53
1973-01-01,YUSL44A,0.44
1974-01-01,YUSL44A,0.39
1975-01-01,YUSL44A,0.41
1976-01-01,YUSL44A,0.52
1977-01-01,YUSL44A,0.61
1978-01-01,YUSL44A,0.66
1979-01-01,YUSL44A,0.77
1980-01-01,YUSL44A,0.6
1981-01-01,YUSL44A,0.91
1982-01-01,YUSL44A,1.15
1983-01-01,YUSL44A,1.2
1984-01-01,YUSL44A,1.21
1985-01-01,YUSL44A,0.91
1986-01-01,YUSL44A,0.94
1987-01-01,YUSL44A,0.96
1988-01-01,YUSL44A,0.76
1989-01-01,YUSL44A,1.06
1990-01-01,YUSL44A,1.05
1991-01-01,YUSL44A,1.13
1992-01-01,YUSL44A,0.74
1993-01-01,YUSL44A,1.14
1994-01-01,YUSL44A,1.18
1995-01-01,YUSL44A,1.21
1996-01-01,YUSL44A,0.95
1997-01-01,YUSL44A,0.56
1998-01-01,YUSL44A,1.05
1999-01-01,YUSL44A,0.89
2000-01-01,YUSL44A,1.3
2001-01-01,YUSL44A,0.91
2002-01-01,YUSL44A,0.94
2003-01-01,YUSL44A,1.16
2004-01-01,YUSL44A,1.17
2005-01-01,YUSL44A,1.19
2006-01-01,YUSL44A,0.88
2007-01-01,YUSL44A,1.25
2008-01-01,YUSL44A,1.2
2009-01-01,YUSL44A,0.93
2010-01-01,YUSL44A,0.61
2011-01-01,YUSL44A,0.98
2012-01-01,YUSL44A,1.45
1948-01-01,YUSL45B,0.35
1949-01-01,YUSL45B,0.28
1950-01-01,YUSL45B,0.49
1951-01-01,YUSL45B,0.52
1952-01-01,YUSL45B,0.65
1953-01-01,YUSL45B,0.61
1954-01-01,YUSL45B,0.56
1955-01-01,YUSL45B,0.75
1956-01-01,YUSL45B,0.74
1957-01-01,YUSL45B,0.54
1958-01-01,YUSL45B,0.55
1959-01-01,YUSL45B,0.73
1960-01-01,YUSL45B,0.55
1961-01-01,YUSL45B,0.73
1962-01-01,YUSL45B,0.71
1963-01-01,YUSL45B,0.58
1964-01-01,YUSL45B,0.49
1965-01-01,YUSL45B,0.88
1966-01-01,YUSL45B,0.52
1967-01-01,YUSL45B,0.97
1968-01-01,YUSL45B,0.33
1969-01-01,YUSL45B,0.9
1970-01-01,YUSL45B,0.54
1971-01-01,YUSL45B,0.41
1972-01-01,YUSL45B,0.72
1973-01-01,YUSL45B,0.72
1974-01-01,YUSL45B,0.62
1975-01-01,YUSL45B,0.43
1976-01-01,YUSL45B,0.44
1977-01-01,YUSL45B,0.25
1978-01-01,YUSL45B,0.33
1979-01-01,YUSL45B,0.34
1980-01-01,YUSL45B,0.14
1981-01-01,YUSL45B,0.31
1982-01-01,YUSL45B,0.62
1983-01-01,YUSL45B,0.62
1984-01-01,YUSL45B,0.69
1985-01-01,YUSL45B,0.42
1986-01-01,YUSL45B,0.45
1987-01-01,YUSL45B,0.52
1988-01-01,YUSL45B,0.67
1989-01-01,YUSL45B,0.84
1990-01-01,YUSL45B,0.85
1991-01-01,YUSL45B,0.41
1992-01-01,YUSL45B,0.31
1993-01-01,YUSL45B,0.97
1994-01-01,YUSL45B,0.9
1995-01-01,YUSL45B,0.83
1996-01-01,YUSL45B,0.7
1997-01-01,YUSL45B,0.18
1998-01-01,YUSL45B,0.91
1999-01-01,YUSL45B,0.71
2000-01-01,YUSL45B,1.33
2001-01-01,YUSL45B,0.86
2002-01-01,YUSL45B,0.68
2003-01-01,YUSL45B,1.18
2004-01-01,YUSL45B,1.23
2005-01-01,YUSL45B,1.4
2006-01-01,YUSL45B,0.92
2007-01-01,YUSL45B,0.95
2008-01-01,YUSL45B,1.14
2009-01-01,YUSL45B,0.86
2010-01-01,YUSL45B,0.42
2011-01-01,YUSL45B,0.8
2012-01-01,YUSL45B,1.7
1938-01-01,YUSL46A,0.34
1939-01-01,YUSL46A,0.24
1940-01-01,YUSL46A,0.28
1941-01-01,YUSL46A,0.26
1942-01-01,YUSL46A,0.24
1943-01-01,YUSL46A,0.31
1944-01-01,YUSL46A,0.36
1945-01-01,YUSL46A,0.3
1946-01-01,YUSL46A,0.26
1947-01-01,YUSL46A,0.21
1948-01-01,YUSL46A,0.21
1949-01-01,YUSL46A,0.21
1950-01-01,YUSL46A,0.19
1951-01-01,YUSL46A,0.24
1952-01-01,YUSL46A,0.56
1953-01-01,YUSL46A,0.57
1954-01-01,YUSL46A,0.46
1955-01-01,YUSL46A,0.64
1956-01-01,YUSL46A,0.69
1957-01-01,YUSL46A,0.34
1958-01-01,YUSL46A,0.35
1959-01-01,YUSL46A,0.51
1960-01-01,YUSL46A,0.35
1961-01-01,YUSL46A,0.41
1962-01-01,YUSL46A,0.57
1963-01-01,YUSL46A,0.54
1964-01-01,YUSL46A,0.36
1965-01-01,YUSL46A,0.4
1966-01-01,YUSL46A,0.31
1967-01-01,YUSL46A,0.43
1968-01-01,YUSL46A,0.17
1969-01-01,YUSL46A,0.5
1970-01-01,YUSL46A,0.39
1971-01-01,YUSL46A,0.5
1972-01-01,YUSL46A,0.54
1973-01-01,YUSL46A,0.59
1974-01-01,YUSL46A,0.53
1975-01-01,YUSL46A,0.38
1976-01-01,YUSL46A,0.63
1977-01-01,YUSL46A,0.63
1978-01-01,YUSL46A,0.39
1979-01-01,YUSL46A,0.5
1980-01-01,YUSL46A,0.11
1981-01-01,YUSL46A,0.27
1982-01-01,YUSL46A,0.33
1983-01-01,YUSL46A,0.26
1984-01-01,YUSL46A,0.36
1985-01-01,YUSL46A,0.21
1986-01-01,YUSL46A,0.23
1987-01-01,YUSL46A,0.34
1988-01-01,YUSL46A,0.4
1989-01-01,YUSL46A,0.72
1990-01-01,YUSL46A,0.87
1991-01-01,YUSL46A,0.69
1992-01-01,YUSL46A,0.57
1993-01-01,YUSL46A,0.92
1994-01-01,YUSL46A,0.63
1995-01-01,YUSL46A,0.84
1996-01-01,YUSL46A,0.75
1997-01-01,YUSL46A,0.32
1998-01-01,YUSL46A,0.67
1999-01-01,YUSL46A,0.51
2000-01-01,YUSL46A,0.76
2001-01-01,YUSL46A,0.52
2002-01-01,YUSL46A,0.53
2003-01-01,YUSL46A,1
2004-01-01,YUSL46A,1
2005-01-01,YUSL46A,0.88
2006-01-01,YUSL46A,0.81
2007-01-01,YUSL46A,0.97
2008-01-01,YUSL46A,0.91
2009-01-01,YUSL46A,0.99
2010-01-01,YUSL46A,0.89
2011-01-01,YUSL46A,1.08
2012-01-01,YUSL46A,1.2
1963-01-01,YUSL47A,0.48
1964-01-01,YUSL47A,0.67
1965-01-01,YUSL47A,0.73
1966-01-01,YUSL47A,0.82
1967-01-01,YUSL47A,1
1968-01-01,YUSL47A,0.27
1969-01-01,YUSL47A,0.9
1970-01-01,YUSL47A,0.52
1971-01-01,YUSL47A,0.24
1972-01-01,YUSL47A,0.67
1973-01-01,YUSL47A,0.56
1974-01-01,YUSL47A,0.53
1975-01-01,YUSL47A,0.5
1976-01-01,YUSL47A,0.87
1977-01-01,YUSL47A,0.65
1978-01-01,YUSL47A,0.28
1979-01-01,YUSL47A,0.6
1980-01-01,YUSL47A,0.39
1981-01-01,YUSL47A,0.62
1982-01-01,YUSL47A,1.04
1983-01-01,YUSL47A,0.88
1984-01-01,YUSL47A,1.1
1985-01-01,YUSL47A,0.69
1986-01-01,YUSL47A,0.98
1987-01-01,YUSL47A,0.98
1988-01-01,YUSL47A,0.9
1989-01-01,YUSL47A,1.1
1990-01-01,YUSL47A,1.22
1991-01-01,YUSL47A,1.02
1992-01-01,YUSL47A,0.73
1993-01-01,YUSL47A,1.32
1994-01-01,YUSL47A,0.93
1995-01-01,YUSL47A,0.97
1996-01-01,YUSL47A,1.11
1997-01-01,YUSL47A,0.44
1998-01-01,YUSL47A,0.93
1999-01-01,YUSL47A,0.42
2000-01-01,YUSL47A,1.12
2001-01-01,YUSL47A,0.7
2002-01-01,YUSL47A,1.14
2003-01-01,YUSL47A,1.05
2004-01-01,YUSL47A,0.88
2005-01-01,YUSL47A,1.13
2006-01-01,YUSL47A,0.77
2007-01-01,YUSL47A,1.02
2008-01-01,YUSL47A,0.78
2009-01-01,YUSL47A,0.54
2010-01-01,YUSL47A,0.31
2011-01-01,YUSL47A,0.19
1942-01-01,YUSL48A,0.39
1943-01-01,YUSL48A,0.5
1944-01-01,YUSL48A,0.38
1945-01-01,YUSL48A,0.71
1946-01-01,YUSL48A,0.21
1947-01-01,YUSL48A,0.33
1948-01-01,YUSL48A,0.43
1949-01-01,YUSL48A,0.16
1950-01-01,YUSL48A,0.09
1951-01-01,YUSL48A,0.26
1952-01-01,YUSL48A,0.31
1953-01-01,YUSL48A,0.26
1954-01-01,YUSL48A,0.18
1955-01-01,YUSL48A,0.42
1956-01-01,YUSL48A,0.33
1957-01-01,YUSL48A,0.36
1958-01-01,YUSL48A,0.39
1959-01-01,YUSL48A,0.34
1960-01-01,YUSL48A,0.41
1961-01-01,YUSL48A,0.51
1962-01-01,YUSL48A,0.6
1963-01-01,YUSL48A,0.53
1964-01-01,YUSL48A,0.46
1965-01-01,YUSL48A,0.45
1966-01-01,YUSL48A,0.33
1967-01-01,YUSL48A,0.65
1968-01-01,YUSL48A,0.11
1969-01-01,YUSL48A,0.44
1970-01-01,YUSL48A,0.29
1971-01-01,YUSL48A,0.29
1972-01-01,YUSL48A,0.34
1973-01-01,YUSL48A,0.32
1974-01-01,YUSL48A,0.31
1975-01-01,YUSL48A,0.24
1976-01-01,YUSL48A,0.46
1977-01-01,YUSL48A,0.22
1978-01-01,YUSL48A,0.24
1979-01-01,YUSL48A,0.33
1980-01-01,YUSL48A,0.1
1981-01-01,YUSL48A,0.48
1982-01-01,YUSL48A,0.59
1983-01-01,YUSL48A,0.51
1984-01-01,YUSL48A,0.62
1985-01-01,YUSL48A,0.52
1986-01-01,YUSL48A,0.34
1987-01-01,YUSL48A,0.53
1988-01-01,YUSL48A,0.61
1989-01-01,YUSL48A,0.57
1990-01-01,YUSL48A,0.54
1991-01-01,YUSL48A,0.39
1992-01-01,YUSL48A,0.23
1993-01-01,YUSL48A,0.4
1994-01-01,YUSL48A,0.42
1995-01-01,YUSL48A,0.13
1996-01-01,YUSL48A,0.31
1997-01-01,YUSL48A,0
1998-01-01,YUSL48A,0.64
1999-01-01,YUSL48A,0.49
2000-01-01,YUSL48A,0.83
2001-01-01,YUSL48A,0.48
2002-01-01,YUSL48A,0.43
2003-01-01,YUSL48A,0.94
2004-01-01,YUSL48A,0.99
2005-01-01,YUSL48A,0.91
2006-01-01,YUSL48A,0.67
2007-01-01,YUSL48A,0.66
2008-01-01,YUSL48A,0.71
2009-01-01,YUSL48A,0.58
2010-01-01,YUSL48A,0.56
2011-01-01,YUSL48A,1.35
2012-01-01,YUSL48A,2.18
1958-01-01,YUSL49A,0.76
1959-01-01,YUSL49A,0.88
1960-01-01,YUSL49A,0.45
1961-01-01,YUSL49A,0.63
1962-01-01,YUSL49A,0.63
1963-01-01,YUSL49A,0.82
1964-01-01,YUSL49A,0.66
1965-01-01,YUSL49A,0.73
1966-01-01,YUSL49A,0.78
1967-01-01,YUSL49A,0.6
1968-01-01,YUSL49A,0.18
1969-01-01,YUSL49A,0.61
1970-01-01,YUSL49A,0.45
1971-01-01,YUSL49A,0.2
1972-01-01,YUSL49A,0.48
1973-01-01,YUSL49A,0.45
1974-01-01,YUSL49A,0.5
1975-01-01,YUSL49A,0.48
1976-01-01,YUSL49A,0.61
1977-01-01,YUSL49A,0.51
1978-01-01,YUSL49A,0.47
1979-01-01,YUSL49A,1.01
1980-01-01,YUSL49A,0.46
1981-01-01,YUSL49A,0.9
1982-01-01,YUSL49A,1.06
1983-01-01,YUSL49A,1.04
1984-01-01,YUSL49A,0.99
1985-01-01,YUSL49A,0.97
1986-01-01,YUSL49A,0.64
1987-01-01,YUSL49A,0.74
1988-01-01,YUSL49A,0.53
1989-01-01,YUSL49A,0.75
1990-01-01,YUSL49A,0.9
1991-01-01,YUSL49A,0.82
1992-01-01,YUSL49A,0.5
1993-01-01,YUSL49A,0.99
1994-01-01,YUSL49A,0.8
1995-01-01,YUSL49A,0.71
1996-01-01,YUSL49A,0.74
1997-01-01,YUSL49A,0.08
1998-01-01,YUSL49A,0.79
1999-01-01,YUSL49A,0.86
2000-01-01,YUSL49A,0.77
2001-01-01,YUSL49A,0.57
2002-01-01,YUSL49A,0.43
2003-01-01,YUSL49A,0.74
2004-01-01,YUSL49A,0.88
2005-01-01,YUSL49A,0.86
2006-01-01,YUSL49A,0.56
2007-01-01,YUSL49A,0.61
2008-01-01,YUSL49A,0.68
2009-01-01,YUSL49A,0.69
2010-01-01,YUSL49A,0.31
2011-01-01,YUSL49A,0.47
2012-01-01,YUSL49A,0.93
1961-01-01,YUSL50A2,0.36
1962-01-01,YUSL50A2,1.04
1963-01-01,YUSL50A2,0.84
1964-01-01,YUSL50A2,0.54
1965-01-01,YUSL50A2,0.68
1966-01-01,YUSL50A2,0.64
1967-01-01,YUSL50A2,0.73
1968-01-01,YUSL50A2,0.42
1969-01-01,YUSL50A2,0.83
1970-01-01,YUSL50A2,0.67
1971-01-01,YUSL50A2,0.44
1972-01-01,YUSL50A2,0.52
1973-01-01,YUSL50A2,0.56
1974-01-01,YUSL50A2,0.46
1975-01-01,YUSL50A2,0.37
1976-01-01,YUSL50A2,0.52
1977-01-01,YUSL50A2,0.61
1978-01-01,YUSL50A2,0.65
1979-01-01,YUSL50A2,0.92
1980-01-01,YUSL50A2,0.76
1981-01-01,YUSL50A2,0.98
1982-01-01,YUSL50A2,1.57
1983-01-01,YUSL50A2,1.09
1984-01-01,YUSL50A2,1.33
1985-01-01,YUSL50A2,1.56
1986-01-01,YUSL50A2,1.2
1987-01-01,YUSL50A2,1.57
1988-01-01,YUSL50A2,1.39
1989-01-01,YUSL50A2,1.1
1990-01-01,YUSL50A2,1.17
1991-01-01,YUSL50A2,1.21
1992-01-01,YUSL50A2,0.65
1993-01-01,YUSL50A2,1.68
1994-01-01,YUSL50A2,1.13
1995-01-01,YUSL50A2,1.3
1996-01-01,YUSL50A2,1.04
1997-01-01,YUSL50A2,0.33
1998-01-01,YUSL50A2,1.06
1999-01-01,YUSL50A2,0.78
2000-01-01,YUSL50A2,1.25
2001-01-01,YUSL50A2,1.05
2002-01-01,YUSL50A2,1.34
2003-01-01,YUSL50A2,1.96
2004-01-01,YUSL50A2,2.24
2005-01-01,YUSL50A2,1.91
2006-01-01,YUSL50A2,1.75
2007-01-01,YUSL50A2,2.22
2008-01-01,YUSL50A2,2.44
2009-01-01,YUSL50A2,2.25
2010-01-01,YUSL50A2,1.37
2011-01-01,YUSL50A2,2.14
2012-01-01,YUSL50A2,2.2
1959-01-01,YUSL51A,0.44
1960-01-01,YUSL51A,0.92
1961-01-01,YUSL51A,1.18
1962-01-01,YUSL51A,1.46
1963-01-01,YUSL51A,1.07
1964-01-01,YUSL51A,1.26
1965-01-01,YUSL51A,1.53
1966-01-01,YUSL51A,0.69
1967-01-01,YUSL51A,1.03
1968-01-01,YUSL51A,0.18
1969-01-01,YUSL51A,0.43
1970-01-01,YUSL51A,0.15
1971-01-01,YUSL51A,0.06
1972-01-01,YUSL51A,0.2
1973-01-01,YUSL51A,0.23
1974-01-01,YUSL51A,0.24
1975-01-01,YUSL51A,0.38
1976-01-01,YUSL51A,0.52
1977-01-01,YUSL51A,0.6
1978-01-01,YUSL51A,0.25
1979-01-01,YUSL51A,0.68
1980-01-01,YUSL51A,0.45
1981-01-01,YUSL51A,0.5
1982-01-01,YUSL51A,0.58
1983-01-01,YUSL51A,0.4
1984-01-01,YUSL51A,0.71
1985-01-01,YUSL51A,0.79
1986-01-01,YUSL51A,0.67
1987-01-01,YUSL51A,0.65
1988-01-01,YUSL51A,0.52
1989-01-01,YUSL51A,0.62
1990-01-01,YUSL51A,0.38
1991-01-01,YUSL51A,0.11
1992-01-01,YUSL51A,0.27
1993-01-01,YUSL51A,0.64
1994-01-01,YUSL51A,1.21
1995-01-01,YUSL51A,1.46
1996-01-01,YUSL51A,1.47
1997-01-01,YUSL51A,0.65
1998-01-01,YUSL51A,1.66
1999-01-01,YUSL51A,1.11
2000-01-01,YUSL51A,2.21
2001-01-01,YUSL51A,1.36
2002-01-01,YUSL51A,1.34
2003-01-01,YUSL51A,1.67
2004-01-01,YUSL51A,1.83
2005-01-01,YUSL51A,1.93
2006-01-01,YUSL51A,1.57
2007-01-01,YUSL51A,1.86
2008-01-01,YUSL51A,1.54
2009-01-01,YUSL51A,0.76
2010-01-01,YUSL51A,0.61
2011-01-01,YUSL51A,1.15
2012-01-01,YUSL51A,1.4
1956-01-01,YUSL52A,0.63
1957-01-01,YUSL52A,0.36
1958-01-01,YUSL52A,0.43
1959-01-01,YUSL52A,1.03
1960-01-01,YUSL52A,0.73
1961-01-01,YUSL52A,1.32
1962-01-01,YUSL52A,1.28
1963-01-01,YUSL52A,1
1964-01-01,YUSL52A,0.72
1965-01-01,YUSL52A,0.58
1966-01-01,YUSL52A,0.55
1967-01-01,YUSL52A,0.66
1968-01-01,YUSL52A,0.3
1969-01-01,YUSL52A,0.58
1970-01-01,YUSL52A,0.38
1971-01-01,YUSL52A,0.37
1972-01-01,YUSL52A,0.75
1973-01-01,YUSL52A,0.68
1974-01-01,YUSL52A,0.61
1975-01-01,YUSL52A,0.39
1976-01-01,YUSL52A,0.49
1977-01-01,YUSL52A,0.5
1978-01-01,YUSL52A,0.26
1979-01-01,YUSL52A,0.47
1980-01-01,YUSL52A,0.26
1981-01-01,YUSL52A,0.63
1982-01-01,YUSL52A,1.15
1983-01-01,YUSL52A,1.19
1984-01-01,YUSL52A,1.1
1985-01-01,YUSL52A,0.98
1986-01-01,YUSL52A,1.38
1987-01-01,YUSL52A,1.05
1988-01-01,YUSL52A,1.05
1989-01-01,YUSL52A,1.45
1990-01-01,YUSL52A,1.08
1991-01-01,YUSL52A,0.82
1992-01-01,YUSL52A,0.81
1993-01-01,YUSL52A,1.31
1994-01-01,YUSL52A,1.54
1995-01-01,YUSL52A,1.43
1996-01-01,YUSL52A,0.99